Driver,Q1,Q2,Q3,CircuitID,Season
BOT,64.175,63.756,63.13,Austria,2018
HAM,64.08,63.577,63.149,Austria,2018
VET,64.347,63.544,63.464,Austria,2018
RAI,64.234,63.975,63.66,Austria,2018
VER,64.273,64.001,63.84,Austria,2018
GRO,64.242,64.059,63.892,Austria,2018
RIC,64.723,64.403,63.996,Austria,2018
MAG,64.46,64.291,64.051,Austria,2018
SAI,64.948,64.561,64.725,Austria,2018
HUL,64.864,64.676,65.019,Austria,2018
OCO,65.148,64.845,,Austria,2018
GAS,65.011,64.874,,Austria,2018
LEC,64.967,64.979,,Austria,2018
ALO,64.965,65.058,,Austria,2018
STR,65.264,65.286,,Austria,2018
VAN,65.271,,,Austria,2018
PER,65.279,,,Austria,2018
SIR,65.322,,,Austria,2018
HAR,65.366,,,Austria,2018
ERI,65.479,,,Austria,2018
LEC,64.138,63.378,63.003,Austria,2019
HAM,63.818,63.803,63.262,Austria,2019
VER,63.807,63.835,63.439,Austria,2019
BOT,64.084,63.863,63.537,Austria,2019
MAG,64.778,64.466,64.072,Austria,2019
NOR,64.361,64.211,64.099,Austria,2019
RAI,64.615,64.056,64.166,Austria,2019
GIO,64.45,64.194,64.179,Austria,2019
GAS,64.412,63.988,64.199,Austria,2019
VET,64.43,63.667,,Austria,2019
GRO,64.552,64.49,,Austria,2019
HUL,64.733,64.516,,Austria,2019
ALB,64.708,64.665,,Austria,2019
RIC,64.647,64.79,,Austria,2019
SAI,64.453,73.601,,Austria,2019
PER,64.789,,,Austria,2019
STR,64.832,,,Austria,2019
KVY,65.324,,,Austria,2019
RUS,65.904,,,Austria,2019
KUB,66.206,,,Austria,2019
BOT,64.111,63.015,62.939,Austria,2020
HAM,64.198,63.096,62.951,Austria,2020
VER,64.024,64.0,63.477,Austria,2020
NOR,64.606,63.819,63.626,Austria,2020
ALB,64.661,63.746,63.868,Austria,2020
PER,64.543,63.86,63.868,Austria,2020
LEC,64.5,64.041,63.923,Austria,2020
SAI,64.537,63.971,63.971,Austria,2020
STR,64.309,63.955,64.029,Austria,2020
RIC,64.556,64.023,64.239,Austria,2020
VET,64.554,64.206,,Austria,2020
GAS,64.603,64.305,,Austria,2020
KVY,65.031,64.431,,Austria,2020
OCO,64.933,64.643,,Austria,2020
GRO,65.094,64.691,,Austria,2020
MAG,65.164,,,Austria,2020
RUS,65.167,,,Austria,2020
GIO,65.175,,,Austria,2020
RAI,65.224,,,Austria,2020
LAT,65.757,,,Austria,2020
VER,64.249,63.927,63.72,Austria,2021
NOR,64.345,64.415,63.768,Austria,2021
PER,64.833,64.483,63.99,Austria,2021
HAM,64.506,64.258,64.014,Austria,2021
BOT,64.563,64.376,64.049,Austria,2021
GAS,64.841,64.412,64.107,Austria,2021
TSU,64.967,64.518,64.273,Austria,2021
VET,64.846,64.493,64.57,Austria,2021
RUS,64.907,64.553,64.591,Austria,2021
STR,64.927,64.547,64.618,Austria,2021
SAI,64.596,64.559,,Austria,2021
LEC,64.906,64.6,,Austria,2021
RIC,64.977,64.719,,Austria,2021
ALO,64.472,64.856,,Austria,2021
GIO,64.782,65.083,,Austria,2021
RAI,65.009,,,Austria,2021
OCO,65.051,,,Austria,2021
LAT,65.195,,,Austria,2021
MSC,65.427,,,Austria,2021
MAZ,65.951,,,Austria,2021
VER,65.852,65.374,64.984,Austria,2022
LEC,65.419,65.287,65.013,Austria,2022
SAI,65.66,65.576,65.066,Austria,2022
RUS,66.235,65.697,65.431,Austria,2022
OCO,66.468,65.993,65.726,Austria,2022
MAG,66.366,65.894,65.879,Austria,2022
MSC,66.405,66.151,66.011,Austria,2022
ALO,66.016,66.082,66.103,Austria,2022
HAM,66.079,65.475,73.151,Austria,2022
GAS,66.589,66.16,,Austria,2022
ALB,66.516,66.23,,Austria,2022
BOT,66.442,66.319,,Austria,2022
PER,66.143,66.458,,Austria,2022
TSU,66.463,66.851,,Austria,2022
NOR,66.33,85.847,,Austria,2022
RIC,66.613,,,Austria,2022
STR,66.847,,,Austria,2022
ZHO,66.901,,,Austria,2022
LAT,67.003,,,Austria,2022
VET,67.083,,,Austria,2022
VER,65.116,64.951,64.391,Austria,2023
LEC,65.577,65.087,64.439,Austria,2023
SAI,65.339,64.975,64.581,Austria,2023
NOR,65.617,65.038,64.658,Austria,2023
HAM,65.673,65.188,64.819,Austria,2023
STR,65.71,65.121,64.893,Austria,2023
ALO,65.655,65.181,64.911,Austria,2023
HUL,65.74,65.362,65.09,Austria,2023
GAS,65.515,65.308,65.17,Austria,2023
ALB,65.673,65.387,65.823,Austria,2023
RUS,65.686,65.428,,Austria,2023
OCO,65.729,65.453,,Austria,2023
PIA,65.683,65.605,,Austria,2023
BOT,65.763,65.68,,Austria,2023
PER,65.177,126.688,,Austria,2023
TSU,65.784,,,Austria,2023
ZHO,65.818,,,Austria,2023
SAR,65.948,,,Austria,2023
MAG,65.971,,,Austria,2023
DEV,65.974,,,Austria,2023
VER,65.336,64.469,64.314,Austria,2024
NOR,65.45,65.103,64.718,Austria,2024
RUS,65.585,65.016,64.84,Austria,2024
SAI,65.263,65.016,64.851,Austria,2024
HAM,65.541,65.053,64.903,Austria,2024
LEC,65.509,65.104,65.044,Austria,2024
PIA,65.311,65.07,65.048,Austria,2024
PER,65.587,65.144,65.202,Austria,2024
HUL,65.596,65.262,65.385,Austria,2024
OCO,65.574,65.274,65.883,Austria,2024
RIC,65.569,65.289,,Austria,2024
MAG,65.508,65.347,,Austria,2024
GAS,65.598,65.359,,Austria,2024
TSU,65.563,65.412,,Austria,2024
ALO,65.656,65.639,,Austria,2024
ALB,65.736,,,Austria,2024
STR,65.819,,,Austria,2024
BOT,65.847,,,Austria,2024
SAR,65.856,,,Austria,2024
ZHO,66.061,,,Austria,2024
NOR,64.672,64.41,63.971,Austria,2025
LEC,65.197,64.734,64.492,Austria,2025
PIA,64.966,64.556,64.554,Austria,2025
HAM,65.115,64.896,64.582,Austria,2025
RUS,65.189,64.86,64.763,Austria,2025
LAW,65.017,65.041,64.926,Austria,2025
VER,65.106,64.836,64.929,Austria,2025
BOR,65.123,64.846,65.132,Austria,2025
ANT,65.178,65.052,65.276,Austria,2025
GAS,65.054,64.846,65.649,Austria,2025
ALO,65.197,65.128,,Austria,2025
ALB,65.143,65.205,,Austria,2025
HAD,65.063,65.226,,Austria,2025
COL,65.278,65.288,,Austria,2025
BEA,65.218,65.312,,Austria,2025
STR,65.329,,,Austria,2025
OCO,65.364,,,Austria,2025
TSU,65.369,,,Austria,2025
SAI,65.582,,,Austria,2025
HUL,65.606,,,Austria,2025
RUS,67.398,66.979,66.113,Austria,2026
LEC,67.543,67.03,66.349,Austria,2026
HAM,67.29,66.994,66.408,Austria,2026
ANT,67.083,66.763,66.414,Austria,2026
VER,67.407,67.183,66.475,Austria,2026
NOR,67.259,66.897,66.502,Austria,2026
PIA,67.487,66.89,66.511,Austria,2026
HAD,67.408,67.086,66.632,Austria,2026
LAW,67.385,67.136,66.955,Austria,2026
LIN,67.549,67.155,67.007,Austria,2026
GAS,68.038,67.223,,Austria,2026
BOR,68.035,67.293,,Austria,2026
BEA,68.061,67.523,,Austria,2026
HUL,68.066,67.611,,Austria,2026
OCO,68.231,67.817,,Austria,2026
COL,67.894,68.171,,Austria,2026
SAI,68.252,,,Austria,2026
ALB,68.509,,,Austria,2026
PER,68.945,,,Austria,2026
BOT,69.03,,,Austria,2026
ALO,69.942,,,Austria,2026
STR,70.363,,,Austria,2026
HAM,77.419,91.242,95.658,Hungary,2018
BOT,77.123,92.081,95.918,Hungary,2018
RAI,77.526,92.762,96.186,Hungary,2018
VET,76.666,88.636,96.21,Hungary,2018
SAI,77.829,90.771,96.743,Hungary,2018
GAS,78.577,91.286,97.591,Hungary,2018
VER,76.94,91.178,98.032,Hungary,2018
HAR,78.429,92.59,98.128,Hungary,2018
MAG,78.314,92.968,99.858,Hungary,2018
GRO,77.901,93.65,100.593,Hungary,2018
ALO,78.208,95.214,,Hungary,2018
RIC,78.54,96.442,,Hungary,2018
HUL,77.905,96.506,,Hungary,2018
ERI,78.641,97.075,,Hungary,2018
STR,78.56,,,Hungary,2018
VAN,78.782,,,Hungary,2018
LEC,78.817,,,Hungary,2018
OCO,79.142,,,Hungary,2018
PER,79.2,,,Hungary,2018
SIR,79.301,,,Hungary,2018
VER,75.817,75.573,74.572,Hungary,2019
BOT,76.078,75.669,74.59,Hungary,2019
HAM,76.068,75.548,74.769,Hungary,2019
LEC,76.337,75.792,75.043,Hungary,2019
VET,76.452,75.885,75.071,Hungary,2019
GAS,76.716,76.393,75.45,Hungary,2019
NOR,76.697,76.06,75.8,Hungary,2019
SAI,76.493,76.308,75.852,Hungary,2019
GRO,76.978,76.319,76.013,Hungary,2019
RAI,76.506,76.518,76.041,Hungary,2019
HUL,76.79,76.565,,Hungary,2019
ALB,76.912,76.687,,Hungary,2019
KVY,76.75,76.692,,Hungary,2019
GIO,76.894,76.804,,Hungary,2019
MAG,76.122,77.081,,Hungary,2019
RUS,77.031,,,Hungary,2019
PER,77.109,,,Hungary,2019
RIC,77.257,,,Hungary,2019
STR,77.542,,,Hungary,2019
KUB,78.324,,,Hungary,2019
HAM,74.907,74.261,73.447,Hungary,2020
BOT,75.474,74.53,73.554,Hungary,2020
STR,74.895,75.176,74.377,Hungary,2020
PER,74.681,75.394,74.545,Hungary,2020
VET,75.455,75.131,74.774,Hungary,2020
LEC,75.793,75.006,74.817,Hungary,2020
VER,75.495,74.976,74.849,Hungary,2020
NOR,75.444,75.085,74.966,Hungary,2020
SAI,75.281,75.267,75.027,Hungary,2020
GAS,75.767,75.508,,Hungary,2020
RIC,75.848,75.661,,Hungary,2020
RUS,75.585,75.698,,Hungary,2020
ALB,75.722,75.715,,Hungary,2020
OCO,75.719,75.742,,Hungary,2020
LAT,76.105,76.544,,Hungary,2020
MAG,76.152,,,Hungary,2020
KVY,76.204,,,Hungary,2020
GRO,76.407,,,Hungary,2020
GIO,76.506,,,Hungary,2020
RAI,76.614,,,Hungary,2020
HAM,76.424,76.553,75.419,Hungary,2021
BOT,76.569,76.702,75.734,Hungary,2021
VER,76.214,75.65,75.84,Hungary,2021
PER,77.233,76.443,76.421,Hungary,2021
GAS,76.874,76.394,76.483,Hungary,2021
NOR,77.081,76.385,76.489,Hungary,2021
LEC,77.084,76.574,76.496,Hungary,2021
OCO,77.367,76.766,76.653,Hungary,2021
ALO,77.123,76.541,76.715,Hungary,2021
VET,77.105,76.794,76.75,Hungary,2021
RIC,77.664,76.871,,Hungary,2021
STR,77.038,76.893,,Hungary,2021
RAI,77.553,77.564,,Hungary,2021
GIO,77.776,77.583,,Hungary,2021
SAI,76.649,,,Hungary,2021
TSU,77.919,,,Hungary,2021
RUS,77.944,,,Hungary,2021
LAT,78.036,,,Hungary,2021
MAZ,78.922,,,Hungary,2021
MSC,,,,Hungary,2021
RUS,78.407,78.154,77.377,Hungary,2022
SAI,78.434,77.946,77.421,Hungary,2022
LEC,78.806,77.768,77.567,Hungary,2022
NOR,78.653,78.121,77.769,Hungary,2022
OCO,78.866,78.216,78.018,Hungary,2022
ALO,78.716,77.904,78.078,Hungary,2022
HAM,78.374,78.035,78.142,Hungary,2022
BOT,78.935,78.445,78.157,Hungary,2022
RIC,78.775,78.198,78.379,Hungary,2022
VER,78.509,77.703,78.823,Hungary,2022
PER,79.118,78.516,,Hungary,2022
ZHO,78.973,78.573,,Hungary,2022
MAG,78.993,78.825,,Hungary,2022
STR,79.205,79.137,,Hungary,2022
MSC,79.164,79.202,,Hungary,2022
TSU,79.24,,,Hungary,2022
ALB,79.256,,,Hungary,2022
VET,79.273,,,Hungary,2022
GAS,79.527,,,Hungary,2022
LAT,79.57,,,Hungary,2022
HAM,78.577,77.427,76.609,Hungary,2023
VER,78.318,77.547,76.612,Hungary,2023
NOR,78.697,77.328,76.694,Hungary,2023
PIA,78.464,77.571,76.905,Hungary,2023
ZHO,78.143,77.7,76.971,Hungary,2023
LEC,78.44,77.58,76.992,Hungary,2023
BOT,78.775,77.563,77.034,Hungary,2023
ALO,78.58,77.701,77.035,Hungary,2023
PER,78.36,77.675,77.045,Hungary,2023
HUL,78.695,77.652,77.186,Hungary,2023
SAI,78.393,77.703,,Hungary,2023
OCO,78.854,77.841,,Hungary,2023
RIC,78.906,78.002,,Hungary,2023
STR,78.782,78.144,,Hungary,2023
GAS,78.743,78.217,,Hungary,2023
ALB,78.917,,,Hungary,2023
TSU,78.919,,,Hungary,2023
RUS,79.027,,,Hungary,2023
MAG,79.206,,,Hungary,2023
SAR,79.248,,,Hungary,2023
NOR,77.755,75.54,75.227,Hungary,2024
PIA,77.504,75.785,75.249,Hungary,2024
VER,77.087,75.77,75.273,Hungary,2024
SAI,77.244,75.885,75.696,Hungary,2024
HAM,77.087,76.307,75.854,Hungary,2024
LEC,77.437,75.891,75.905,Hungary,2024
ALO,77.624,76.117,76.043,Hungary,2024
STR,77.405,76.075,76.244,Hungary,2024
RIC,77.05,76.202,76.447,Hungary,2024
TSU,77.436,76.121,76.477,Hungary,2024
HUL,77.362,76.317,,Hungary,2024
BOT,77.487,76.384,,Hungary,2024
ALB,77.28,76.429,,Hungary,2024
SAR,77.77,76.543,,Hungary,2024
MAG,77.851,76.548,,Hungary,2024
PER,77.886,,,Hungary,2024
RUS,77.968,,,Hungary,2024
ZHO,78.037,,,Hungary,2024
OCO,78.049,,,Hungary,2024
GAS,78.166,,,Hungary,2024
LEC,75.582,75.455,75.372,Hungary,2025
PIA,75.211,74.941,75.398,Hungary,2025
NOR,75.523,74.89,75.413,Hungary,2025
RUS,75.627,75.201,75.425,Hungary,2025
ALO,75.281,75.395,75.481,Hungary,2025
STR,75.673,75.129,75.498,Hungary,2025
BOR,75.586,75.687,75.725,Hungary,2025
VER,75.736,75.547,75.728,Hungary,2025
LAW,75.849,75.63,75.821,Hungary,2025
HAD,75.516,75.469,75.915,Hungary,2025
BEA,75.75,75.694,,Hungary,2025
HAM,75.733,75.702,,Hungary,2025
SAI,75.652,75.781,,Hungary,2025
COL,75.875,76.159,,Hungary,2025
ANT,75.782,76.386,,Hungary,2025
TSU,75.899,,,Hungary,2025
GAS,75.966,,,Hungary,2025
OCO,76.023,,,Hungary,2025
HUL,76.081,,,Hungary,2025
ALB,76.223,,,Hungary,2025
NOR,78.277,77.456,77.207,Hungary,2026
HAM,78.73,77.803,77.219,Hungary,2026
LEC,78.984,77.626,77.445,Hungary,2026
ANT,78.726,78.393,77.479,Hungary,2026
PIA,78.891,77.928,77.684,Hungary,2026
VER,78.656,78.249,77.725,Hungary,2026
RUS,78.856,78.445,77.76,Hungary,2026
HAD,78.754,77.872,77.856,Hungary,2026
LIN,79.233,78.36,78.281,Hungary,2026
HUL,78.796,78.639,78.686,Hungary,2026
LAW,79.161,78.765,,Hungary,2026
GAS,79.741,78.844,,Hungary,2026
COL,79.771,79.027,,Hungary,2026
BOR,79.069,79.105,,Hungary,2026
OCO,80.01,79.734,,Hungary,2026
ALO,80.126,79.808,,Hungary,2026
BEA,80.233,,,Hungary,2026
SAI,80.621,,,Hungary,2026
ALB,80.658,,,Hungary,2026
STR,80.659,,,Hungary,2026
BOT,80.886,,,Hungary,2026
PER,81.322,,,Hungary,2026
HAM,86.818,86.256,85.892,Silverstone,2018
VET,86.585,86.372,85.936,Silverstone,2018
RAI,87.549,86.483,85.99,Silverstone,2018
BOT,87.025,86.413,86.217,Silverstone,2018
VER,87.309,87.013,86.602,Silverstone,2018
RIC,87.979,87.369,87.099,Silverstone,2018
MAG,88.143,87.73,87.244,Silverstone,2018
GRO,88.086,87.522,87.455,Silverstone,2018
LEC,87.962,87.79,87.879,Silverstone,2018
OCO,88.279,87.843,88.194,Silverstone,2018
HUL,88.017,87.901,,Silverstone,2018
PER,88.21,87.928,,Silverstone,2018
ALO,88.187,88.139,,Silverstone,2018
GAS,88.399,88.343,,Silverstone,2018
ERI,88.249,88.391,,Silverstone,2018
SAI,88.456,,,Silverstone,2018
VAN,89.096,,,Silverstone,2018
SIR,89.252,,,Silverstone,2018
STR,,,,Silverstone,2018
HAR,,,,Silverstone,2018
BOT,85.75,85.672,85.093,Silverstone,2019
HAM,85.513,85.84,85.099,Silverstone,2019
LEC,85.533,85.546,85.172,Silverstone,2019
VER,85.7,85.848,85.276,Silverstone,2019
GAS,86.273,86.038,85.59,Silverstone,2019
VET,85.898,86.023,85.787,Silverstone,2019
RIC,86.428,86.283,86.182,Silverstone,2019
NOR,86.079,86.385,86.224,Silverstone,2019
ALB,86.482,86.403,86.345,Silverstone,2019
HUL,86.568,86.397,86.386,Silverstone,2019
GIO,86.449,86.519,,Silverstone,2019
RAI,86.558,86.546,,Silverstone,2019
SAI,86.203,86.578,,Silverstone,2019
GRO,86.347,86.757,,Silverstone,2019
PER,86.649,86.928,,Silverstone,2019
MAG,86.662,,,Silverstone,2019
KVY,86.721,,,Silverstone,2019
STR,86.762,,,Silverstone,2019
RUS,87.789,,,Silverstone,2019
KUB,88.257,,,Silverstone,2019
HAM,85.9,85.347,84.303,Silverstone,2020
BOT,85.801,85.015,84.616,Silverstone,2020
VER,86.115,86.144,85.325,Silverstone,2020
LEC,86.55,86.203,85.427,Silverstone,2020
NOR,86.855,86.42,85.782,Silverstone,2020
STR,86.243,86.501,85.839,Silverstone,2020
SAI,86.715,86.149,85.965,Silverstone,2020
RIC,86.677,86.339,86.009,Silverstone,2020
OCO,86.396,86.252,86.209,Silverstone,2020
VET,86.469,86.455,86.339,Silverstone,2020
GAS,86.343,86.501,,Silverstone,2020
ALB,86.565,86.545,,Silverstone,2020
HUL,86.327,86.566,,Silverstone,2020
KVY,86.774,86.744,,Silverstone,2020
RUS,86.732,87.092,,Silverstone,2020
MAG,87.158,,,Silverstone,2020
GIO,87.164,,,Silverstone,2020
RAI,87.366,,,Silverstone,2020
GRO,87.643,,,Silverstone,2020
LAT,87.705,,,Silverstone,2020
HAM,86.786,86.023,86.134,Silverstone,2021
VER,86.751,86.315,86.209,Silverstone,2021
BOT,87.487,86.764,86.328,Silverstone,2021
LEC,87.051,86.919,86.828,Silverstone,2021
PER,87.121,87.073,86.844,Silverstone,2021
NOR,87.444,87.22,86.897,Silverstone,2021
RIC,87.323,87.125,86.899,Silverstone,2021
RUS,87.671,87.08,86.971,Silverstone,2021
SAI,87.337,86.848,87.007,Silverstone,2021
VET,87.493,87.103,87.179,Silverstone,2021
ALO,87.58,87.245,,Silverstone,2021
GAS,87.6,87.273,,Silverstone,2021
OCO,87.415,87.34,,Silverstone,2021
GIO,87.595,87.617,,Silverstone,2021
STR,88.017,87.665,,Silverstone,2021
TSU,88.043,,,Silverstone,2021
RAI,88.062,,,Silverstone,2021
LAT,88.254,,,Silverstone,2021
MSC,88.738,,,Silverstone,2021
MAZ,89.051,,,Silverstone,2021
SAI,100.19,101.602,100.983,Silverstone,2022
VER,99.129,100.655,101.055,Silverstone,2022
LEC,99.846,101.247,101.298,Silverstone,2022
PER,100.521,102.513,101.616,Silverstone,2022
HAM,100.428,101.062,101.995,Silverstone,2022
NOR,101.515,101.821,102.084,Silverstone,2022
ALO,101.598,102.209,102.116,Silverstone,2022
RUS,100.028,101.725,102.161,Silverstone,2022
ZHO,100.791,102.64,102.719,Silverstone,2022
LAT,101.998,103.273,123.095,Silverstone,2022
GAS,101.68,103.702,,Silverstone,2022
BOT,101.396,104.232,,Silverstone,2022
TSU,101.893,104.311,,Silverstone,2022
RIC,101.933,104.355,,Silverstone,2022
OCO,101.73,105.19,,Silverstone,2022
ALB,102.078,,,Silverstone,2022
MAG,102.159,,,Silverstone,2022
VET,102.666,,,Silverstone,2022
MSC,102.708,,,Silverstone,2022
STR,103.43,,,Silverstone,2022
VER,89.428,87.702,86.72,Silverstone,2023
NOR,88.917,88.042,86.961,Silverstone,2023
PIA,89.874,87.845,87.092,Silverstone,2023
LEC,89.143,88.361,87.136,Silverstone,2023
SAI,89.865,88.265,87.148,Silverstone,2023
RUS,89.412,88.782,87.155,Silverstone,2023
HAM,89.415,88.545,87.211,Silverstone,2023
ALB,89.466,88.067,87.53,Silverstone,2023
ALO,89.949,88.368,87.659,Silverstone,2023
GAS,89.533,88.751,87.689,Silverstone,2023
HUL,89.603,88.896,,Silverstone,2023
STR,89.448,88.935,,Silverstone,2023
OCO,89.7,88.956,,Silverstone,2023
SAR,89.873,89.031,,Silverstone,2023
BOT,89.798,,,Silverstone,2023
PER,89.968,,,Silverstone,2023
TSU,90.025,,,Silverstone,2023
ZHO,90.123,,,Silverstone,2023
DEV,90.513,,,Silverstone,2023
MAG,92.378,,,Silverstone,2023
RUS,90.106,86.723,85.819,Silverstone,2024
HAM,89.547,86.77,85.99,Silverstone,2024
NOR,91.596,86.559,86.03,Silverstone,2024
VER,91.342,86.796,86.203,Silverstone,2024
PIA,90.895,86.733,86.237,Silverstone,2024
HUL,91.929,86.847,86.338,Silverstone,2024
SAI,90.557,86.843,86.509,Silverstone,2024
STR,91.41,86.938,86.585,Silverstone,2024
ALB,91.135,86.933,86.64,Silverstone,2024
ALO,91.264,86.73,86.917,Silverstone,2024
LEC,90.496,87.097,,Silverstone,2024
SAR,91.608,87.175,,Silverstone,2024
TSU,90.994,87.269,,Silverstone,2024
ZHO,91.19,87.867,,Silverstone,2024
RIC,91.291,87.949,,Silverstone,2024
BOT,92.431,,,Silverstone,2024
MAG,92.905,,,Silverstone,2024
OCO,94.557,,,Silverstone,2024
PER,98.348,,,Silverstone,2024
GAS,99.804,,,Silverstone,2024
VER,85.886,85.316,84.892,Silverstone,2025
PIA,85.963,85.316,84.995,Silverstone,2025
NOR,86.123,85.231,85.01,Silverstone,2025
RUS,86.236,85.637,85.029,Silverstone,2025
HAM,86.296,85.084,85.095,Silverstone,2025
LEC,86.186,85.133,85.121,Silverstone,2025
ANT,86.265,85.62,85.374,Silverstone,2025
BEA,86.005,85.534,85.471,Silverstone,2025
ALO,86.108,85.593,85.621,Silverstone,2025
GAS,86.328,85.711,85.785,Silverstone,2025
SAI,86.175,85.746,,Silverstone,2025
TSU,86.275,85.826,,Silverstone,2025
HAD,86.177,85.864,,Silverstone,2025
ALB,86.093,85.889,,Silverstone,2025
OCO,86.136,85.95,,Silverstone,2025
LAW,86.44,,,Silverstone,2025
BOR,86.446,,,Silverstone,2025
STR,86.504,,,Silverstone,2025
HUL,86.574,,,Silverstone,2025
COL,87.06,,,Silverstone,2025
ANT,89.719,88.493,88.111,Silverstone,2026
LEC,89.534,88.626,88.286,Silverstone,2026
HAM,89.644,88.864,88.458,Silverstone,2026
RUS,89.985,88.92,88.481,Silverstone,2026
HAD,89.276,89.069,88.746,Silverstone,2026
NOR,90.186,89.383,88.877,Silverstone,2026
VER,89.549,89.113,88.893,Silverstone,2026
PIA,89.971,89.218,89.032,Silverstone,2026
LIN,89.661,89.324,89.305,Silverstone,2026
LAW,89.3,89.429,89.716,Silverstone,2026
BOR,90.269,89.461,,Silverstone,2026
GAS,90.345,90.063,,Silverstone,2026
HUL,89.539,90.076,,Silverstone,2026
BEA,90.57,90.501,,Silverstone,2026
SAI,90.562,90.623,,Silverstone,2026
ALB,90.638,91.341,,Silverstone,2026
OCO,90.68,,,Silverstone,2026
BOT,91.227,,,Silverstone,2026
COL,91.321,,,Silverstone,2026
PER,91.451,,,Silverstone,2026
STR,92.863,,,Silverstone,2026
ALO,93.025,,,Silverstone,2026
HAM,102.977,101.553,118.179,Spa,2018
VET,103.035,101.501,118.905,Spa,2018
OCO,104.003,103.302,121.851,Spa,2018
PER,104.004,103.014,121.894,Spa,2018
GRO,103.597,103.042,122.122,Spa,2018
RAI,102.585,101.533,122.671,Spa,2018
VER,103.199,102.554,122.769,Spa,2018
RIC,103.604,103.126,122.939,Spa,2018
MAG,103.834,103.32,124.933,Spa,2018
BOT,102.805,102.191,,Spa,2018
GAS,104.221,103.844,,Spa,2018
HAR,104.153,103.865,,Spa,2018
LEC,103.654,104.062,,Spa,2018
ERI,103.846,104.301,,Spa,2018
HUL,104.145,,,Spa,2018
SAI,104.489,,,Spa,2018
ALO,104.917,,,Spa,2018
SIR,104.998,,,Spa,2018
STR,105.134,,,Spa,2018
VAN,105.307,,,Spa,2018
LEC,103.587,102.938,102.519,Spa,2019
VET,104.109,103.037,103.267,Spa,2019
HAM,105.26,103.592,103.282,Spa,2019
BOT,105.141,103.98,103.415,Spa,2019
VER,104.622,104.132,103.69,Spa,2019
RIC,105.56,104.103,104.257,Spa,2019
HUL,105.899,104.549,104.542,Spa,2019
RAI,105.842,104.14,104.557,Spa,2019
PER,105.732,104.707,104.706,Spa,2019
MAG,105.839,104.738,105.086,Spa,2019
GRO,105.694,104.797,,Spa,2019
NOR,106.154,104.847,,Spa,2019
STR,106.0,105.047,,Spa,2019
ALB,105.528,105.799,,Spa,2019
GIO,105.637,,,Spa,2019
GAS,106.435,,,Spa,2019
SAI,106.507,,,Spa,2019
KVY,106.518,,,Spa,2019
RUS,107.548,,,Spa,2019
KUB,,,,Spa,2019
HAM,102.323,102.014,101.252,Spa,2020
BOT,102.534,102.126,101.763,Spa,2020
VER,103.197,102.473,101.778,Spa,2020
RIC,103.309,102.487,102.061,Spa,2020
ALB,103.418,102.193,102.264,Spa,2020
OCO,103.505,102.534,102.396,Spa,2020
SAI,103.322,102.478,102.438,Spa,2020
PER,103.349,102.67,102.532,Spa,2020
STR,103.265,102.491,102.603,Spa,2020
NOR,103.514,102.722,102.657,Spa,2020
KVY,103.267,102.73,,Spa,2020
GAS,103.262,102.745,,Spa,2020
LEC,103.656,102.996,,Spa,2020
VET,103.567,103.261,,Spa,2020
RUS,103.63,103.468,,Spa,2020
RAI,103.743,,,Spa,2020
GRO,103.838,,,Spa,2020
GIO,103.95,,,Spa,2020
LAT,104.138,,,Spa,2020
MAG,104.314,,,Spa,2020
VER,118.717,116.559,119.765,Spa,2021
RUS,119.864,116.95,120.086,Spa,2021
HAM,119.218,116.229,120.099,Spa,2021
RIC,121.583,117.127,120.864,Spa,2021
VET,120.175,116.814,120.935,Spa,2021
GAS,120.387,116.44,121.164,Spa,2021
PER,119.334,116.886,122.112,Spa,2021
BOT,119.87,116.295,122.502,Spa,2021
OCO,121.824,117.354,123.513,Spa,2021
NOR,118.301,116.025,,Spa,2021
LEC,120.728,117.721,,Spa,2021
LAT,120.966,118.056,,Spa,2021
SAI,121.184,118.137,,Spa,2021
ALO,121.653,118.205,,Spa,2021
STR,121.597,118.231,,Spa,2021
GIO,122.306,,,Spa,2021
TSU,122.413,,,Spa,2021
MSC,123.973,,,Spa,2021
RAI,124.452,,,Spa,2021
MAZ,124.939,,,Spa,2021
VER,104.581,104.723,103.665,Spa,2022
SAI,105.05,105.418,104.297,Spa,2022
PER,105.377,104.794,104.462,Spa,2022
LEC,105.572,104.551,104.553,Spa,2022
OCO,106.039,105.475,105.18,Spa,2022
ALO,106.075,105.552,105.368,Spa,2022
HAM,105.736,105.42,105.503,Spa,2022
RUS,105.65,105.461,105.776,Spa,2022
ALB,105.672,105.675,105.837,Spa,2022
NOR,105.745,105.603,106.178,Spa,2022
RIC,106.212,105.767,,Spa,2022
GAS,106.183,105.827,,Spa,2022
ZHO,106.178,106.085,,Spa,2022
STR,106.256,106.611,,Spa,2022
MSC,106.342,107.718,,Spa,2022
VET,106.344,,,Spa,2022
LAT,106.401,,,Spa,2022
MAG,106.557,,,Spa,2022
TSU,106.692,,,Spa,2022
BOT,107.866,,,Spa,2022
VER,118.515,112.784,106.168,Spa,2023
LEC,118.3,112.017,106.988,Spa,2023
PER,118.899,112.353,107.045,Spa,2023
HAM,118.563,112.345,107.087,Spa,2023
SAI,118.688,111.711,107.152,Spa,2023
PIA,118.872,111.534,107.365,Spa,2023
NOR,119.981,112.252,107.669,Spa,2023
RUS,119.035,112.605,107.805,Spa,2023
ALO,118.834,112.751,107.843,Spa,2023
STR,119.663,112.193,108.841,Spa,2023
TSU,119.044,113.148,,Spa,2023
GAS,119.511,113.671,,Spa,2023
MAG,120.02,114.16,,Spa,2023
BOT,119.484,114.694,,Spa,2023
OCO,119.634,116.372,,Spa,2023
ALB,120.314,,,Spa,2023
ZHO,120.832,,,Spa,2023
SAR,121.535,,,Spa,2023
RIC,122.159,,,Spa,2023
HUL,123.166,,,Spa,2023
VER,114.938,113.837,113.159,Spa,2024
LEC,115.349,114.193,113.754,Spa,2024
PER,115.139,114.47,113.765,Spa,2024
HAM,115.692,114.037,113.835,Spa,2024
NOR,115.582,114.358,113.981,Spa,2024
PIA,114.835,114.136,114.027,Spa,2024
RUS,115.353,114.095,114.184,Spa,2024
SAI,115.169,114.112,114.477,Spa,2024
ALO,115.489,114.258,114.765,Spa,2024
OCO,115.417,114.46,114.81,Spa,2024
ALB,115.722,114.473,,Spa,2024
GAS,114.911,114.635,,Spa,2024
RIC,115.451,114.682,,Spa,2024
BOT,115.531,114.764,,Spa,2024
STR,116.072,115.716,,Spa,2024
HUL,116.308,,,Spa,2024
MAG,116.5,,,Spa,2024
TSU,116.593,,,Spa,2024
SAR,117.23,,,Spa,2024
ZHO,117.775,,,Spa,2024
NOR,101.01,100.715,100.562,Spa,2025
PIA,101.201,100.626,100.647,Spa,2025
LEC,101.635,101.084,100.9,Spa,2025
VER,101.334,100.951,100.903,Spa,2025
ALB,101.772,101.505,101.201,Spa,2025
RUS,101.784,101.254,101.26,Spa,2025
TSU,101.84,101.245,101.284,Spa,2025
HAD,101.572,101.281,101.31,Spa,2025
LAW,101.748,101.297,101.328,Spa,2025
BOR,101.908,101.336,102.387,Spa,2025
OCO,101.884,101.525,,Spa,2025
BEA,101.617,101.617,,Spa,2025
GAS,101.8,101.633,,Spa,2025
HUL,101.844,101.707,,Spa,2025
SAI,101.691,101.758,,Spa,2025
HAM,101.939,,,Spa,2025
COL,102.022,,,Spa,2025
ANT,102.139,,,Spa,2025
ALO,102.385,,,Spa,2025
STR,102.502,,,Spa,2025
ANT,106.304,105.142,104.361,Spa,2026
VER,105.93,105.589,104.678,Spa,2026
NOR,105.865,105.454,104.801,Spa,2026
RUS,106.185,105.689,104.869,Spa,2026
LEC,106.278,105.397,104.893,Spa,2026
HAM,106.124,105.543,104.895,Spa,2026
PIA,106.433,105.671,105.016,Spa,2026
LIN,106.191,105.629,105.143,Spa,2026
BOR,106.609,106.082,105.628,Spa,2026
HAD,106.062,105.823,,Spa,2026
LAW,106.501,106.12,,Spa,2026
GAS,106.679,106.331,,Spa,2026
COL,106.795,106.392,,Spa,2026
HUL,106.893,106.671,,Spa,2026
SAI,107.08,106.777,,Spa,2026
BEA,107.113,106.779,,Spa,2026
ALB,107.12,,,Spa,2026
OCO,107.801,,,Spa,2026
BOT,107.823,,,Spa,2026
PER,107.971,,,Spa,2026
ALO,110.002,,,Spa,2026
STR,110.177,,,Spa,2026
HAM,77.633,77.166,76.173,Barcelona_pre2023,2018
BOT,77.674,77.111,76.213,Barcelona_pre2023,2018
VET,77.031,76.802,76.305,Barcelona_pre2023,2018
RAI,77.483,77.071,76.612,Barcelona_pre2023,2018
VER,77.411,77.266,76.816,Barcelona_pre2023,2018
RIC,77.623,77.638,76.818,Barcelona_pre2023,2018
MAG,78.169,77.618,77.676,Barcelona_pre2023,2018
ALO,78.276,78.1,77.721,Barcelona_pre2023,2018
SAI,78.48,77.803,77.79,Barcelona_pre2023,2018
GRO,78.305,77.699,77.835,Barcelona_pre2023,2018
VAN,78.885,78.323,,Barcelona_pre2023,2018
GAS,78.55,78.463,,Barcelona_pre2023,2018
OCO,78.813,78.696,,Barcelona_pre2023,2018
LEC,78.661,78.91,,Barcelona_pre2023,2018
PER,78.74,79.098,,Barcelona_pre2023,2018
HUL,78.923,,,Barcelona_pre2023,2018
ERI,79.493,,,Barcelona_pre2023,2018
SIR,79.695,,,Barcelona_pre2023,2018
STR,80.225,,,Barcelona_pre2023,2018
HAR,,,,Barcelona_pre2023,2018
BOT,76.979,75.924,75.406,Barcelona_pre2023,2019
HAM,77.292,76.038,76.04,Barcelona_pre2023,2019
VET,77.425,76.667,76.272,Barcelona_pre2023,2019
VER,77.244,76.726,76.357,Barcelona_pre2023,2019
LEC,77.388,76.714,76.588,Barcelona_pre2023,2019
GAS,77.862,76.932,76.708,Barcelona_pre2023,2019
GRO,78.042,77.066,76.911,Barcelona_pre2023,2019
MAG,77.669,77.272,76.922,Barcelona_pre2023,2019
KVY,77.914,77.243,77.573,Barcelona_pre2023,2019
RIC,78.385,77.299,78.106,Barcelona_pre2023,2019
NOR,77.611,77.338,,Barcelona_pre2023,2019
ALB,77.796,77.445,,Barcelona_pre2023,2019
SAI,77.76,77.599,,Barcelona_pre2023,2019
RAI,78.132,77.788,,Barcelona_pre2023,2019
PER,78.286,77.886,,Barcelona_pre2023,2019
HUL,78.404,,,Barcelona_pre2023,2019
STR,78.471,,,Barcelona_pre2023,2019
GIO,78.664,,,Barcelona_pre2023,2019
RUS,79.072,,,Barcelona_pre2023,2019
KUB,80.254,,,Barcelona_pre2023,2019
HAM,76.872,76.013,75.584,Barcelona_pre2023,2020
BOT,77.243,76.152,75.643,Barcelona_pre2023,2020
VER,77.213,76.518,76.292,Barcelona_pre2023,2020
PER,77.117,76.936,76.482,Barcelona_pre2023,2020
STR,77.316,76.666,76.589,Barcelona_pre2023,2020
ALB,77.419,77.163,77.029,Barcelona_pre2023,2020
SAI,77.438,76.876,77.044,Barcelona_pre2023,2020
NOR,77.577,77.166,77.084,Barcelona_pre2023,2020
LEC,77.256,76.953,77.087,Barcelona_pre2023,2020
GAS,77.356,76.8,77.136,Barcelona_pre2023,2020
VET,77.573,77.168,,Barcelona_pre2023,2020
KVY,77.676,77.192,,Barcelona_pre2023,2020
RIC,77.667,77.198,,Barcelona_pre2023,2020
RAI,77.797,77.386,,Barcelona_pre2023,2020
OCO,77.765,77.567,,Barcelona_pre2023,2020
MAG,77.908,,,Barcelona_pre2023,2020
GRO,78.089,,,Barcelona_pre2023,2020
RUS,78.099,,,Barcelona_pre2023,2020
LAT,78.532,,,Barcelona_pre2023,2020
GIO,78.697,,,Barcelona_pre2023,2020
HAM,78.245,77.166,76.741,Barcelona_pre2023,2021
VER,78.09,76.922,76.777,Barcelona_pre2023,2021
BOT,78.005,77.142,76.873,Barcelona_pre2023,2021
LEC,78.041,77.717,77.51,Barcelona_pre2023,2021
OCO,78.281,77.743,77.58,Barcelona_pre2023,2021
SAI,78.205,77.656,77.62,Barcelona_pre2023,2021
RIC,78.264,77.719,77.622,Barcelona_pre2023,2021
PER,78.203,77.669,77.701,Barcelona_pre2023,2021
NOR,77.821,77.696,78.01,Barcelona_pre2023,2021
ALO,78.281,77.966,78.147,Barcelona_pre2023,2021
STR,78.241,77.974,,Barcelona_pre2023,2021
GAS,78.19,77.982,,Barcelona_pre2023,2021
VET,78.289,78.079,,Barcelona_pre2023,2021
GIO,78.549,78.356,,Barcelona_pre2023,2021
RUS,78.445,79.154,,Barcelona_pre2023,2021
TSU,78.556,,,Barcelona_pre2023,2021
RAI,78.917,,,Barcelona_pre2023,2021
MSC,79.117,,,Barcelona_pre2023,2021
LAT,79.219,,,Barcelona_pre2023,2021
MAZ,79.807,,,Barcelona_pre2023,2021
LEC,79.861,79.969,78.75,Barcelona_pre2023,2022
VER,80.091,79.219,79.073,Barcelona_pre2023,2022
SAI,79.892,79.453,79.166,Barcelona_pre2023,2022
RUS,80.218,79.47,79.393,Barcelona_pre2023,2022
PER,80.447,79.83,79.42,Barcelona_pre2023,2022
HAM,80.252,79.794,79.512,Barcelona_pre2023,2022
BOT,80.355,80.053,79.608,Barcelona_pre2023,2022
MAG,80.227,79.81,79.682,Barcelona_pre2023,2022
RIC,80.549,80.287,80.297,Barcelona_pre2023,2022
MSC,80.683,80.436,80.368,Barcelona_pre2023,2022
NOR,80.838,80.471,,Barcelona_pre2023,2022
OCO,80.88,80.638,,Barcelona_pre2023,2022
TSU,80.707,80.639,,Barcelona_pre2023,2022
GAS,80.719,80.861,,Barcelona_pre2023,2022
ZHO,80.476,81.094,,Barcelona_pre2023,2022
VET,80.954,,,Barcelona_pre2023,2022
ALO,81.043,,,Barcelona_pre2023,2022
STR,81.418,,,Barcelona_pre2023,2022
ALB,81.645,,,Barcelona_pre2023,2022
LAT,81.915,,,Barcelona_pre2023,2022
VER,73.615,72.76,72.272,Barcelona_post2023,2023
SAI,73.411,72.79,72.734,Barcelona_post2023,2023
NOR,73.295,72.776,72.792,Barcelona_post2023,2023
GAS,73.471,73.186,72.816,Barcelona_post2023,2023
HAM,72.937,72.999,72.818,Barcelona_post2023,2023
STR,73.766,73.082,72.994,Barcelona_post2023,2023
OCO,73.433,73.001,73.083,Barcelona_post2023,2023
HUL,73.42,73.283,73.229,Barcelona_post2023,2023
ALO,73.747,73.098,73.507,Barcelona_post2023,2023
PIA,73.691,73.059,73.682,Barcelona_post2023,2023
PER,73.874,73.334,,Barcelona_post2023,2023
RUS,73.326,73.447,,Barcelona_post2023,2023
ZHO,73.677,73.521,,Barcelona_post2023,2023
DEV,73.581,74.083,,Barcelona_post2023,2023
TSU,73.862,74.477,,Barcelona_post2023,2023
BOT,73.977,,,Barcelona_post2023,2023
MAG,74.042,,,Barcelona_post2023,2023
ALB,74.063,,,Barcelona_post2023,2023
LEC,74.079,,,Barcelona_post2023,2023
SAR,74.699,,,Barcelona_post2023,2023
NOR,72.386,71.872,71.383,Barcelona_post2023,2024
VER,72.306,71.653,71.403,Barcelona_post2023,2024
HAM,72.143,71.792,71.701,Barcelona_post2023,2024
RUS,72.456,71.812,71.703,Barcelona_post2023,2024
LEC,72.257,72.038,71.731,Barcelona_post2023,2024
SAI,72.403,71.874,71.736,Barcelona_post2023,2024
GAS,72.651,72.079,71.857,Barcelona_post2023,2024
PER,72.477,72.054,72.061,Barcelona_post2023,2024
OCO,72.691,72.109,72.125,Barcelona_post2023,2024
PIA,72.46,72.011,,Barcelona_post2023,2024
ALO,72.505,72.128,,Barcelona_post2023,2024
BOT,72.758,72.227,,Barcelona_post2023,2024
HUL,72.708,72.31,,Barcelona_post2023,2024
STR,72.881,72.372,,Barcelona_post2023,2024
ZHO,72.88,72.738,,Barcelona_post2023,2024
MAG,72.937,,,Barcelona_post2023,2024
TSU,72.985,,,Barcelona_post2023,2024
RIC,73.075,,,Barcelona_post2023,2024
ALB,73.153,,,Barcelona_post2023,2024
SAR,73.509,,,Barcelona_post2023,2024
PIA,72.551,71.998,71.546,Barcelona_post2023,2025
NOR,72.799,72.056,71.755,Barcelona_post2023,2025
VER,72.798,72.358,71.848,Barcelona_post2023,2025
RUS,72.806,72.407,71.848,Barcelona_post2023,2025
HAM,73.058,72.447,72.045,Barcelona_post2023,2025
ANT,72.815,72.585,72.111,Barcelona_post2023,2025
LEC,73.014,72.495,72.131,Barcelona_post2023,2025
GAS,73.081,72.611,72.199,Barcelona_post2023,2025
HAD,73.139,72.461,72.252,Barcelona_post2023,2025
ALO,73.102,72.523,72.284,Barcelona_post2023,2025
ALB,73.044,72.641,,Barcelona_post2023,2025
BOR,73.045,72.756,,Barcelona_post2023,2025
LAW,73.039,72.763,,Barcelona_post2023,2025
STR,73.038,73.058,,Barcelona_post2023,2025
BEA,73.074,73.315,,Barcelona_post2023,2025
HUL,73.19,,,Barcelona_post2023,2025
OCO,73.201,,,Barcelona_post2023,2025
SAI,73.203,,,Barcelona_post2023,2025
COL,73.334,,,Barcelona_post2023,2025
TSU,73.385,,,Barcelona_post2023,2025
RUS,75.717,75.228,74.679,Barcelona_post2023,2026
HAM,75.625,75.418,74.743,Barcelona_post2023,2026
ANT,75.977,75.295,74.998,Barcelona_post2023,2026
NOR,76.287,75.361,75.001,Barcelona_post2023,2026
VER,76.352,75.484,75.021,Barcelona_post2023,2026
HAD,76.427,75.754,75.077,Barcelona_post2023,2026
PIA,76.138,75.518,75.09,Barcelona_post2023,2026
LAW,76.673,75.585,76.542,Barcelona_post2023,2026
HUL,76.066,75.768,76.657,Barcelona_post2023,2026
LEC,75.964,75.281,,Barcelona_post2023,2026
LIN,76.425,75.84,,Barcelona_post2023,2026
BOR,76.616,76.001,,Barcelona_post2023,2026
COL,76.59,76.191,,Barcelona_post2023,2026
GAS,76.599,76.261,,Barcelona_post2023,2026
BEA,76.571,76.389,,Barcelona_post2023,2026
SAI,76.881,77.827,,Barcelona_post2023,2026
OCO,77.073,,,Barcelona_post2023,2026
ALB,77.424,,,Barcelona_post2023,2026
PER,77.545,,,Barcelona_post2023,2026
BOT,77.757,,,Barcelona_post2023,2026
STR,78.758,,,Barcelona_post2023,2026
ALO,78.815,,,Barcelona_post2023,2026
