Driver,DriverNumber,Team,LapNumber,Stint,Compound,TyreLife,TrackStatus,IsAccurate,Deleted,LapTimeSeconds,AirTemp,TrackTemp,Humidity,Pressure,WindSpeed,WindDirection,Rainfall,CircuitID,Season,RoundNumber,EventName,EventFormat,IsSprintWeekend
SAI,55,Williams,1.0,1.0,SOFT,1.0,1,False,False,,29.2,47.2,34.0,983.4,1.9,192,False,Hungary,2025,14,Hungarian Grand Prix,conventional,False
ALB,23,Williams,1.0,1.0,SOFT,1.0,1,False,False,,29.2,47.2,34.0,983.4,1.9,192,False,Hungary,2025,14,Hungarian Grand Prix,conventional,False
SAI,55,Williams,2.0,1.0,SOFT,2.0,1,True,False,78.282,29.0,46.7,34.0,983.4,1.9,156,False,Hungary,2025,14,Hungarian Grand Prix,conventional,False
ALB,23,Williams,2.0,1.0,SOFT,2.0,1,True,False,77.441,29.0,46.7,34.0,983.4,1.9,156,False,Hungary,2025,14,Hungarian Grand Prix,conventional,False
VER,1,Red Bull Racing,1.0,1.0,SOFT,1.0,1,False,False,,28.9,46.5,34.0,983.3,1.4,144,False,Hungary,2025,14,Hungarian Grand Prix,conventional,False
TSU,22,Red Bull Racing,1.0,1.0,SOFT,1.0,1,False,False,,28.9,46.5,34.0,983.3,1.4,144,False,Hungary,2025,14,Hungarian Grand Prix,conventional,False
NOR,4,McLaren,1.0,1.0,SOFT,1.0,1,False,False,,28.9,46.5,34.0,983.3,1.4,144,False,Hungary,2025,14,Hungarian Grand Prix,conventional,False
PIA,81,McLaren,1.0,1.0,SOFT,1.0,1,False,False,,28.9,46.5,34.0,983.3,1.4,144,False,Hungary,2025,14,Hungarian Grand Prix,conventional,False
SAI,55,Williams,3.0,1.0,SOFT,3.0,1,False,False,95.135,28.9,46.5,34.0,983.3,1.4,144,False,Hungary,2025,14,Hungarian Grand Prix,conventional,False
OCO,31,Haas F1 Team,1.0,1.0,SOFT,1.0,1,False,False,,28.9,45.7,34.0,983.3,1.7,159,False,Hungary,2025,14,Hungarian Grand Prix,conventional,False
HAM,44,Ferrari,1.0,1.0,SOFT,1.0,1,False,False,,28.9,45.7,34.0,983.3,1.7,159,False,Hungary,2025,14,Hungarian Grand Prix,conventional,False
BEA,87,Haas F1 Team,1.0,1.0,SOFT,1.0,1,False,False,,28.9,45.7,34.0,983.3,1.7,159,False,Hungary,2025,14,Hungarian Grand Prix,conventional,False
ALB,23,Williams,3.0,1.0,SOFT,3.0,1,False,False,114.703,28.9,45.7,34.0,983.3,1.7,159,False,Hungary,2025,14,Hungarian Grand Prix,conventional,False
STR,18,Aston Martin,1.0,1.0,SOFT,1.0,1,False,False,,28.9,45.7,34.0,983.3,1.7,159,False,Hungary,2025,14,Hungarian Grand Prix,conventional,False
VER,1,Red Bull Racing,2.0,1.0,SOFT,2.0,1,True,False,76.346,28.9,45.7,34.0,983.3,1.7,159,False,Hungary,2025,14,Hungarian Grand Prix,conventional,False
TSU,22,Red Bull Racing,2.0,1.0,SOFT,2.0,1,True,False,76.534,28.9,45.7,34.0,983.3,1.7,159,False,Hungary,2025,14,Hungarian Grand Prix,conventional,False
ALO,14,Aston Martin,1.0,1.0,SOFT,1.0,1,False,False,,28.9,45.7,34.0,983.3,1.7,159,False,Hungary,2025,14,Hungarian Grand Prix,conventional,False
NOR,4,McLaren,2.0,1.0,SOFT,2.0,1,True,False,75.927,28.9,45.7,34.0,983.3,1.7,159,False,Hungary,2025,14,Hungarian Grand Prix,conventional,False
LEC,16,Ferrari,1.0,1.0,SOFT,1.0,1,False,False,,28.9,45.7,34.0,983.3,1.7,159,False,Hungary,2025,14,Hungarian Grand Prix,conventional,False
HAD,6,Racing Bulls,1.0,1.0,SOFT,1.0,1,False,False,,28.9,45.6,34.0,983.3,1.0,127,False,Hungary,2025,14,Hungarian Grand Prix,conventional,False
PIA,81,McLaren,2.0,1.0,SOFT,2.0,1,True,False,75.554,28.9,45.6,34.0,983.3,1.0,127,False,Hungary,2025,14,Hungarian Grand Prix,conventional,False
OCO,31,Haas F1 Team,2.0,1.0,SOFT,2.0,1,True,False,76.783,28.9,45.6,34.0,983.3,1.0,127,False,Hungary,2025,14,Hungarian Grand Prix,conventional,False
LAW,30,Racing Bulls,1.0,1.0,SOFT,1.0,1,False,False,,28.9,45.6,34.0,983.3,1.0,127,False,Hungary,2025,14,Hungarian Grand Prix,conventional,False
HAM,44,Ferrari,2.0,1.0,SOFT,2.0,1,True,False,75.949,28.9,45.6,34.0,983.3,1.0,127,False,Hungary,2025,14,Hungarian Grand Prix,conventional,False
BEA,87,Haas F1 Team,2.0,1.0,SOFT,2.0,1,True,False,76.575,28.9,45.6,34.0,983.3,1.0,127,False,Hungary,2025,14,Hungarian Grand Prix,conventional,False
ANT,12,Mercedes,1.0,1.0,SOFT,1.0,1,False,False,,28.9,45.6,34.0,983.3,1.0,127,False,Hungary,2025,14,Hungarian Grand Prix,conventional,False
STR,18,Aston Martin,2.0,1.0,SOFT,2.0,1,True,False,76.135,28.9,45.6,34.0,983.3,1.0,127,False,Hungary,2025,14,Hungarian Grand Prix,conventional,False
RUS,63,Mercedes,1.0,1.0,SOFT,1.0,1,False,False,,28.9,45.6,34.0,983.3,1.0,127,False,Hungary,2025,14,Hungarian Grand Prix,conventional,False
GAS,10,Alpine,1.0,1.0,SOFT,1.0,1,False,False,,28.9,44.8,34.0,983.3,1.7,167,False,Hungary,2025,14,Hungarian Grand Prix,conventional,False
ALO,14,Aston Martin,2.0,1.0,SOFT,2.0,1,True,False,75.979,28.9,44.8,34.0,983.3,1.7,167,False,Hungary,2025,14,Hungarian Grand Prix,conventional,False
COL,43,Alpine,1.0,1.0,SOFT,1.0,1,False,False,,28.9,44.8,34.0,983.3,1.7,167,False,Hungary,2025,14,Hungarian Grand Prix,conventional,False
LEC,16,Ferrari,2.0,1.0,SOFT,2.0,1,True,False,76.216,28.9,44.8,34.0,983.3,1.7,167,False,Hungary,2025,14,Hungarian Grand Prix,conventional,False
HUL,27,Kick Sauber,1.0,1.0,SOFT,1.0,1,False,False,,28.9,44.8,34.0,983.3,1.7,167,False,Hungary,2025,14,Hungarian Grand Prix,conventional,False
HAD,6,Racing Bulls,2.0,1.0,SOFT,2.0,1,True,False,76.052,28.9,44.8,34.0,983.3,1.7,167,False,Hungary,2025,14,Hungarian Grand Prix,conventional,False
BOR,5,Kick Sauber,1.0,1.0,SOFT,1.0,1,False,False,,28.9,44.8,34.0,983.3,1.7,167,False,Hungary,2025,14,Hungarian Grand Prix,conventional,False
TSU,22,Red Bull Racing,3.0,1.0,SOFT,3.0,1,False,False,105.792,28.9,44.8,34.0,983.3,1.7,167,False,Hungary,2025,14,Hungarian Grand Prix,conventional,False
SAI,55,Williams,4.0,2.0,SOFT,1.0,1,False,False,,28.9,44.8,34.0,983.3,1.7,167,False,Hungary,2025,14,Hungarian Grand Prix,conventional,False
VER,1,Red Bull Racing,3.0,1.0,SOFT,3.0,1,False,False,123.456,28.9,44.8,34.0,983.3,1.7,167,False,Hungary,2025,14,Hungarian Grand Prix,conventional,False
LAW,30,Racing Bulls,2.0,1.0,SOFT,2.0,1,True,False,76.35,28.9,44.8,34.0,983.3,1.7,167,False,Hungary,2025,14,Hungarian Grand Prix,conventional,False
NOR,4,McLaren,3.0,1.0,SOFT,3.0,1,False,False,112.698,28.9,44.8,34.0,983.3,1.7,167,False,Hungary,2025,14,Hungarian Grand Prix,conventional,False
ALB,23,Williams,4.0,2.0,SOFT,1.0,1,False,False,145.851,28.9,44.8,34.0,983.3,1.7,167,False,Hungary,2025,14,Hungarian Grand Prix,conventional,False
PIA,81,McLaren,3.0,1.0,SOFT,3.0,1,False,False,107.054,28.9,44.8,34.0,983.3,1.7,167,False,Hungary,2025,14,Hungarian Grand Prix,conventional,False
ANT,12,Mercedes,2.0,1.0,SOFT,2.0,1,True,False,75.782,28.9,44.4,34.0,983.3,1.9,145,False,Hungary,2025,14,Hungarian Grand Prix,conventional,False
OCO,31,Haas F1 Team,3.0,1.0,SOFT,3.0,1,False,False,100.94,28.9,44.4,34.0,983.3,1.9,145,False,Hungary,2025,14,Hungarian Grand Prix,conventional,False
RUS,63,Mercedes,2.0,1.0,SOFT,2.0,1,True,False,75.627,28.9,44.4,34.0,983.3,1.9,145,False,Hungary,2025,14,Hungarian Grand Prix,conventional,False
GAS,10,Alpine,2.0,1.0,SOFT,2.0,1,True,False,76.723,28.9,44.4,34.0,983.3,1.9,145,False,Hungary,2025,14,Hungarian Grand Prix,conventional,False
BEA,87,Haas F1 Team,3.0,1.0,SOFT,3.0,1,False,False,103.742,28.9,44.4,34.0,983.3,1.9,145,False,Hungary,2025,14,Hungarian Grand Prix,conventional,False
COL,43,Alpine,2.0,1.0,SOFT,2.0,1,True,False,76.227,28.9,44.4,34.0,983.3,1.9,145,False,Hungary,2025,14,Hungarian Grand Prix,conventional,False
STR,18,Aston Martin,3.0,1.0,SOFT,3.0,1,False,False,102.505,28.9,44.4,34.0,983.3,1.9,145,False,Hungary,2025,14,Hungarian Grand Prix,conventional,False
HUL,27,Kick Sauber,2.0,1.0,SOFT,2.0,1,True,False,76.267,28.9,44.4,34.0,983.3,1.9,145,False,Hungary,2025,14,Hungarian Grand Prix,conventional,False
BOR,5,Kick Sauber,2.0,1.0,SOFT,2.0,1,True,False,76.284,28.9,44.4,34.0,983.3,1.9,145,False,Hungary,2025,14,Hungarian Grand Prix,conventional,False
HAM,44,Ferrari,3.0,1.0,SOFT,3.0,1,False,False,130.389,28.9,44.4,34.0,983.3,1.9,145,False,Hungary,2025,14,Hungarian Grand Prix,conventional,False
SAI,55,Williams,5.0,2.0,SOFT,2.0,1,True,False,76.469,28.9,44.4,34.0,983.3,1.9,145,False,Hungary,2025,14,Hungarian Grand Prix,conventional,False
ALO,14,Aston Martin,3.0,1.0,SOFT,3.0,1,False,False,108.746,28.9,44.4,34.0,983.3,1.9,145,False,Hungary,2025,14,Hungarian Grand Prix,conventional,False
LEC,16,Ferrari,3.0,1.0,SOFT,3.0,1,False,False,104.113,28.9,44.4,34.0,983.3,1.9,145,False,Hungary,2025,14,Hungarian Grand Prix,conventional,False
HAD,6,Racing Bulls,3.0,1.0,SOFT,3.0,1,False,False,101.977,29.0,44.3,34.0,983.3,2.5,111,False,Hungary,2025,14,Hungarian Grand Prix,conventional,False
ALB,23,Williams,5.0,2.0,SOFT,2.0,1,True,False,76.448,29.0,44.3,34.0,983.3,2.5,111,False,Hungary,2025,14,Hungarian Grand Prix,conventional,False
LAW,30,Racing Bulls,3.0,1.0,SOFT,3.0,1,False,False,119.386,29.0,44.3,34.0,983.3,2.5,111,False,Hungary,2025,14,Hungarian Grand Prix,conventional,False
ANT,12,Mercedes,3.0,1.0,SOFT,3.0,1,False,False,104.284,29.0,44.3,34.0,983.3,2.5,111,False,Hungary,2025,14,Hungarian Grand Prix,conventional,False
RUS,63,Mercedes,3.0,1.0,SOFT,3.0,1,False,False,109.37,29.0,44.3,34.0,983.3,2.5,111,False,Hungary,2025,14,Hungarian Grand Prix,conventional,False
GAS,10,Alpine,3.0,1.0,SOFT,3.0,1,False,False,105.516,28.9,44.1,34.0,983.4,1.6,197,False,Hungary,2025,14,Hungarian Grand Prix,conventional,False
COL,43,Alpine,3.0,1.0,SOFT,3.0,1,False,False,101.467,28.9,44.1,34.0,983.4,1.6,197,False,Hungary,2025,14,Hungarian Grand Prix,conventional,False
HUL,27,Kick Sauber,3.0,1.0,SOFT,3.0,1,False,False,95.513,28.9,44.1,34.0,983.4,1.6,197,False,Hungary,2025,14,Hungarian Grand Prix,conventional,False
BOR,5,Kick Sauber,3.0,1.0,SOFT,3.0,1,False,False,102.969,28.9,44.1,34.0,983.4,1.6,197,False,Hungary,2025,14,Hungarian Grand Prix,conventional,False
SAI,55,Williams,6.0,2.0,SOFT,3.0,1,False,False,97.411,28.9,44.1,34.0,983.4,1.6,197,False,Hungary,2025,14,Hungarian Grand Prix,conventional,False
ALB,23,Williams,6.0,2.0,SOFT,3.0,1,False,False,90.47,28.9,44.1,34.0,983.4,1.6,197,False,Hungary,2025,14,Hungarian Grand Prix,conventional,False
STR,18,Aston Martin,4.0,2.0,SOFT,1.0,1,False,False,,28.9,43.6,35.0,983.2,2.1,134,False,Hungary,2025,14,Hungarian Grand Prix,conventional,False
ALO,14,Aston Martin,4.0,2.0,SOFT,1.0,1,False,False,,28.9,43.6,35.0,983.2,2.1,134,False,Hungary,2025,14,Hungarian Grand Prix,conventional,False
STR,18,Aston Martin,5.0,2.0,SOFT,2.0,1,True,False,75.673,28.8,43.6,35.0,983.3,2.3,123,False,Hungary,2025,14,Hungarian Grand Prix,conventional,False
ALO,14,Aston Martin,5.0,2.0,SOFT,2.0,1,True,False,75.281,28.8,43.6,35.0,983.3,2.3,123,False,Hungary,2025,14,Hungarian Grand Prix,conventional,False
PIA,81,McLaren,4.0,2.0,SOFT,4.0,1,False,False,,28.7,43.3,35.0,983.4,2.4,173,False,Hungary,2025,14,Hungarian Grand Prix,conventional,False
NOR,4,McLaren,4.0,2.0,SOFT,4.0,1,False,False,,28.7,43.3,35.0,983.4,2.4,173,False,Hungary,2025,14,Hungarian Grand Prix,conventional,False
VER,1,Red Bull Racing,4.0,2.0,SOFT,1.0,1,False,False,,28.7,43.3,35.0,983.4,2.4,173,False,Hungary,2025,14,Hungarian Grand Prix,conventional,False
TSU,22,Red Bull Racing,4.0,2.0,SOFT,1.0,1,False,False,,28.7,43.3,35.0,983.4,2.4,173,False,Hungary,2025,14,Hungarian Grand Prix,conventional,False
HAD,6,Racing Bulls,4.0,2.0,SOFT,1.0,1,False,False,,28.7,43.3,35.0,983.4,2.4,173,False,Hungary,2025,14,Hungarian Grand Prix,conventional,False
HUL,27,Kick Sauber,4.0,2.0,SOFT,1.0,1,False,False,,28.7,43.3,35.0,983.4,2.4,173,False,Hungary,2025,14,Hungarian Grand Prix,conventional,False
BOR,5,Kick Sauber,4.0,2.0,SOFT,1.0,1,False,False,,28.7,43.3,35.0,983.4,2.4,173,False,Hungary,2025,14,Hungarian Grand Prix,conventional,False
SAI,55,Williams,7.0,3.0,SOFT,1.0,1,False,False,,28.6,43.3,34.0,983.3,1.8,157,False,Hungary,2025,14,Hungarian Grand Prix,conventional,False
PIA,81,McLaren,5.0,2.0,SOFT,5.0,1,True,False,75.211,28.6,43.3,34.0,983.3,1.8,157,False,Hungary,2025,14,Hungarian Grand Prix,conventional,False
GAS,10,Alpine,4.0,2.0,SOFT,1.0,1,False,False,,28.6,43.3,34.0,983.3,1.8,157,False,Hungary,2025,14,Hungarian Grand Prix,conventional,False
NOR,4,McLaren,5.0,2.0,SOFT,5.0,1,True,False,75.523,28.6,43.3,34.0,983.3,1.8,157,False,Hungary,2025,14,Hungarian Grand Prix,conventional,False
ALO,14,Aston Martin,6.0,2.0,SOFT,3.0,1,False,False,107.305,28.6,43.3,34.0,983.3,1.8,157,False,Hungary,2025,14,Hungarian Grand Prix,conventional,False
STR,18,Aston Martin,6.0,2.0,SOFT,3.0,1,False,False,125.834,28.6,43.3,34.0,983.3,1.8,157,False,Hungary,2025,14,Hungarian Grand Prix,conventional,False
COL,43,Alpine,4.0,2.0,SOFT,1.0,1,False,False,,28.6,43.3,34.0,983.3,1.8,157,False,Hungary,2025,14,Hungarian Grand Prix,conventional,False
VER,1,Red Bull Racing,5.0,2.0,SOFT,2.0,1,True,False,75.736,28.6,43.3,34.0,983.3,1.8,157,False,Hungary,2025,14,Hungarian Grand Prix,conventional,False
ALB,23,Williams,7.0,3.0,SOFT,1.0,1,False,False,,28.6,43.3,34.0,983.3,1.8,157,False,Hungary,2025,14,Hungarian Grand Prix,conventional,False
TSU,22,Red Bull Racing,5.0,2.0,SOFT,2.0,1,True,False,75.899,28.6,43.3,34.0,983.3,1.8,157,False,Hungary,2025,14,Hungarian Grand Prix,conventional,False
HAD,6,Racing Bulls,5.0,2.0,SOFT,2.0,1,True,False,75.516,28.6,43.3,34.0,983.3,1.8,157,False,Hungary,2025,14,Hungarian Grand Prix,conventional,False
OCO,31,Haas F1 Team,4.0,2.0,SOFT,1.0,1,False,False,,28.6,42.8,35.0,983.3,0.8,0,False,Hungary,2025,14,Hungarian Grand Prix,conventional,False
HUL,27,Kick Sauber,5.0,2.0,SOFT,2.0,1,True,False,76.081,28.6,42.8,35.0,983.3,0.8,0,False,Hungary,2025,14,Hungarian Grand Prix,conventional,False
BEA,87,Haas F1 Team,4.0,2.0,SOFT,1.0,1,False,False,,28.6,42.8,35.0,983.3,0.8,0,False,Hungary,2025,14,Hungarian Grand Prix,conventional,False
BOR,5,Kick Sauber,5.0,2.0,SOFT,2.0,1,True,False,75.586,28.6,42.8,35.0,983.3,0.8,0,False,Hungary,2025,14,Hungarian Grand Prix,conventional,False
SAI,55,Williams,8.0,3.0,SOFT,2.0,1,True,False,75.652,28.6,42.8,35.0,983.3,0.8,0,False,Hungary,2025,14,Hungarian Grand Prix,conventional,False
HAM,44,Ferrari,4.0,2.0,SOFT,1.0,1,False,False,,28.6,42.8,35.0,983.3,0.8,0,False,Hungary,2025,14,Hungarian Grand Prix,conventional,False
LEC,16,Ferrari,4.0,2.0,SOFT,1.0,1,False,False,,28.6,42.8,35.0,983.3,0.8,0,False,Hungary,2025,14,Hungarian Grand Prix,conventional,False
GAS,10,Alpine,5.0,2.0,SOFT,2.0,1,True,False,75.966,28.6,42.8,35.0,983.3,0.8,0,False,Hungary,2025,14,Hungarian Grand Prix,conventional,False
LAW,30,Racing Bulls,4.0,2.0,SOFT,1.0,1,False,False,,28.6,42.8,35.0,983.3,0.8,0,False,Hungary,2025,14,Hungarian Grand Prix,conventional,False
COL,43,Alpine,5.0,2.0,SOFT,2.0,1,True,False,75.875,28.6,42.8,35.0,983.3,0.8,0,False,Hungary,2025,14,Hungarian Grand Prix,conventional,False
ALB,23,Williams,8.0,3.0,SOFT,2.0,1,True,False,76.223,28.6,42.8,35.0,983.3,1.2,119,False,Hungary,2025,14,Hungarian Grand Prix,conventional,False
NOR,4,McLaren,6.0,2.0,SOFT,6.0,1,False,False,99.498,28.6,42.8,35.0,983.3,1.2,119,False,Hungary,2025,14,Hungarian Grand Prix,conventional,False
PIA,81,McLaren,6.0,2.0,SOFT,6.0,1,False,False,125.765,28.6,42.8,35.0,983.3,1.2,119,False,Hungary,2025,14,Hungarian Grand Prix,conventional,False
OCO,31,Haas F1 Team,5.0,2.0,SOFT,2.0,1,True,False,76.023,28.6,42.8,35.0,983.3,1.2,119,False,Hungary,2025,14,Hungarian Grand Prix,conventional,False
BEA,87,Haas F1 Team,5.0,2.0,SOFT,2.0,1,True,False,75.75,28.6,42.8,35.0,983.3,1.2,119,False,Hungary,2025,14,Hungarian Grand Prix,conventional,False
VER,1,Red Bull Racing,6.0,2.0,SOFT,3.0,1,False,False,106.642,28.6,42.8,35.0,983.3,1.2,119,False,Hungary,2025,14,Hungarian Grand Prix,conventional,False
TSU,22,Red Bull Racing,6.0,2.0,SOFT,3.0,1,False,False,106.103,28.6,42.8,35.0,983.3,1.2,119,False,Hungary,2025,14,Hungarian Grand Prix,conventional,False
HAD,6,Racing Bulls,6.0,2.0,SOFT,3.0,1,False,False,104.037,28.6,42.8,35.0,983.3,1.2,119,False,Hungary,2025,14,Hungarian Grand Prix,conventional,False
HAM,44,Ferrari,5.0,2.0,SOFT,2.0,1,True,False,75.733,28.6,42.8,35.0,983.3,1.2,119,False,Hungary,2025,14,Hungarian Grand Prix,conventional,False
HUL,27,Kick Sauber,6.0,2.0,SOFT,3.0,1,False,False,100.372,28.6,42.8,35.0,983.3,1.2,119,False,Hungary,2025,14,Hungarian Grand Prix,conventional,False
LEC,16,Ferrari,5.0,2.0,SOFT,2.0,1,True,False,75.582,28.6,42.8,35.0,983.3,1.2,119,False,Hungary,2025,14,Hungarian Grand Prix,conventional,False
BOR,5,Kick Sauber,6.0,2.0,SOFT,3.0,1,False,False,105.064,28.6,42.8,35.0,983.3,1.2,119,False,Hungary,2025,14,Hungarian Grand Prix,conventional,False
LAW,30,Racing Bulls,5.0,2.0,SOFT,2.0,1,True,False,75.849,28.6,42.8,35.0,983.4,1.8,117,False,Hungary,2025,14,Hungarian Grand Prix,conventional,False
SAI,55,Williams,9.0,3.0,SOFT,3.0,1,False,False,103.208,28.6,42.8,35.0,983.4,1.8,117,False,Hungary,2025,14,Hungarian Grand Prix,conventional,False
COL,43,Alpine,6.0,2.0,SOFT,3.0,1,False,False,101.961,28.6,42.8,35.0,983.4,1.8,117,False,Hungary,2025,14,Hungarian Grand Prix,conventional,False
ALB,23,Williams,9.0,3.0,SOFT,3.0,1,False,False,95.647,28.6,42.8,35.0,983.4,1.8,117,False,Hungary,2025,14,Hungarian Grand Prix,conventional,False
GAS,10,Alpine,6.0,2.0,SOFT,3.0,1,False,False,125.209,28.6,42.8,35.0,983.4,1.8,117,False,Hungary,2025,14,Hungarian Grand Prix,conventional,False
OCO,31,Haas F1 Team,6.0,2.0,SOFT,3.0,1,False,False,98.712,28.6,42.5,34.0,983.4,1.8,184,False,Hungary,2025,14,Hungarian Grand Prix,conventional,False
BEA,87,Haas F1 Team,6.0,2.0,SOFT,3.0,1,False,False,102.665,28.6,42.5,34.0,983.4,1.8,184,False,Hungary,2025,14,Hungarian Grand Prix,conventional,False
HAM,44,Ferrari,6.0,2.0,SOFT,3.0,12,False,False,105.049,28.6,42.5,34.0,983.4,1.8,184,False,Hungary,2025,14,Hungarian Grand Prix,conventional,False
LEC,16,Ferrari,6.0,2.0,SOFT,3.0,12,False,False,104.566,28.6,42.5,34.0,983.4,1.8,184,False,Hungary,2025,14,Hungarian Grand Prix,conventional,False
LAW,30,Racing Bulls,6.0,2.0,SOFT,3.0,12,False,False,101.57,28.6,42.5,34.0,983.4,1.8,184,False,Hungary,2025,14,Hungarian Grand Prix,conventional,False
ANT,12,Mercedes,4.0,2.0,SOFT,4.0,12,False,False,,28.2,41.0,35.0,983.4,2.2,218,False,Hungary,2025,14,Hungarian Grand Prix,conventional,False
RUS,63,Mercedes,4.0,2.0,SOFT,4.0,12,False,False,,28.2,41.0,35.0,983.4,2.2,218,False,Hungary,2025,14,Hungarian Grand Prix,conventional,False
STR,18,Aston Martin,7.0,3.0,SOFT,1.0,12,False,False,,28.1,40.6,36.0,983.4,2.8,198,False,Hungary,2025,14,Hungarian Grand Prix,conventional,False
ALO,14,Aston Martin,7.0,3.0,SOFT,1.0,12,False,False,,28.1,40.6,36.0,983.4,2.8,198,False,Hungary,2025,14,Hungarian Grand Prix,conventional,False
BEA,87,Haas F1 Team,7.0,3.0,SOFT,1.0,12,False,False,,28.1,40.6,36.0,983.4,2.8,198,False,Hungary,2025,14,Hungarian Grand Prix,conventional,False
BOR,5,Kick Sauber,7.0,3.0,SOFT,4.0,12,False,False,,28.1,40.6,36.0,983.4,2.8,198,False,Hungary,2025,14,Hungarian Grand Prix,conventional,False
LAW,30,Racing Bulls,7.0,3.0,SOFT,1.0,21,False,False,,28.1,40.6,36.0,983.4,2.8,198,False,Hungary,2025,14,Hungarian Grand Prix,conventional,False
HAD,6,Racing Bulls,7.0,3.0,SOFT,1.0,12,False,False,,28.1,40.6,36.0,983.4,1.1,220,False,Hungary,2025,14,Hungarian Grand Prix,conventional,False
ANT,12,Mercedes,5.0,2.0,SOFT,5.0,1,True,False,76.386,28.1,40.6,36.0,983.4,1.1,220,False,Hungary,2025,14,Hungarian Grand Prix,conventional,False
COL,43,Alpine,7.0,3.0,SOFT,4.0,12,False,False,,28.1,40.6,36.0,983.4,1.1,220,False,Hungary,2025,14,Hungarian Grand Prix,conventional,False
RUS,63,Mercedes,5.0,2.0,SOFT,5.0,1,True,False,76.057,28.1,40.6,36.0,983.4,1.1,220,False,Hungary,2025,14,Hungarian Grand Prix,conventional,False
VER,1,Red Bull Racing,7.0,3.0,SOFT,4.0,12,False,False,,28.1,40.6,36.0,983.4,1.1,220,False,Hungary,2025,14,Hungarian Grand Prix,conventional,False
STR,18,Aston Martin,8.0,3.0,SOFT,2.0,1,True,False,75.68,28.1,40.6,36.0,983.4,1.1,220,False,Hungary,2025,14,Hungarian Grand Prix,conventional,False
ALO,14,Aston Martin,8.0,3.0,SOFT,2.0,1,True,False,75.395,28.1,40.6,36.0,983.4,1.1,220,False,Hungary,2025,14,Hungarian Grand Prix,conventional,False
NOR,4,McLaren,7.0,3.0,SOFT,1.0,12,False,False,,28.1,40.6,36.0,983.4,1.1,220,False,Hungary,2025,14,Hungarian Grand Prix,conventional,False
BEA,87,Haas F1 Team,8.0,3.0,SOFT,2.0,1,True,False,75.987,28.1,40.6,36.0,983.4,1.1,220,False,Hungary,2025,14,Hungarian Grand Prix,conventional,False
SAI,55,Williams,10.0,4.0,SOFT,4.0,12,False,False,,28.1,40.6,36.0,983.4,1.1,220,False,Hungary,2025,14,Hungarian Grand Prix,conventional,False
BOR,5,Kick Sauber,8.0,3.0,SOFT,5.0,1,True,False,76.331,28.1,40.6,36.0,983.4,1.1,220,False,Hungary,2025,14,Hungarian Grand Prix,conventional,False
HAM,44,Ferrari,7.0,3.0,SOFT,4.0,21,False,False,,28.1,40.5,36.0,983.4,1.5,163,False,Hungary,2025,14,Hungarian Grand Prix,conventional,False
LAW,30,Racing Bulls,8.0,3.0,SOFT,2.0,1,True,False,76.156,28.1,40.5,36.0,983.4,1.5,163,False,Hungary,2025,14,Hungarian Grand Prix,conventional,False
PIA,81,McLaren,7.0,3.0,SOFT,1.0,12,False,False,,28.1,40.5,36.0,983.4,1.5,163,False,Hungary,2025,14,Hungarian Grand Prix,conventional,False
HAD,6,Racing Bulls,8.0,3.0,SOFT,2.0,1,True,False,75.781,28.1,40.5,36.0,983.4,1.5,163,False,Hungary,2025,14,Hungarian Grand Prix,conventional,False
LEC,16,Ferrari,7.0,3.0,SOFT,4.0,21,False,False,,28.1,40.5,36.0,983.4,1.5,163,False,Hungary,2025,14,Hungarian Grand Prix,conventional,False
COL,43,Alpine,8.0,3.0,SOFT,5.0,1,True,True,77.269,28.1,40.5,36.0,983.4,1.5,163,False,Hungary,2025,14,Hungarian Grand Prix,conventional,False
VER,1,Red Bull Racing,8.0,3.0,SOFT,5.0,1,True,False,76.087,28.1,40.5,36.0,983.4,1.5,163,False,Hungary,2025,14,Hungarian Grand Prix,conventional,False
ANT,12,Mercedes,6.0,2.0,SOFT,6.0,1,False,False,103.41,28.1,40.5,36.0,983.4,1.5,163,False,Hungary,2025,14,Hungarian Grand Prix,conventional,False
NOR,4,McLaren,8.0,3.0,SOFT,2.0,1,True,False,74.89,28.1,40.5,36.0,983.4,1.5,163,False,Hungary,2025,14,Hungarian Grand Prix,conventional,False
SAI,55,Williams,11.0,4.0,SOFT,5.0,1,True,False,76.264,28.2,40.4,36.0,983.4,1.6,122,False,Hungary,2025,14,Hungarian Grand Prix,conventional,False
STR,18,Aston Martin,9.0,3.0,SOFT,3.0,1,False,False,104.085,28.2,40.4,36.0,983.4,1.6,122,False,Hungary,2025,14,Hungarian Grand Prix,conventional,False
RUS,63,Mercedes,6.0,2.0,SOFT,6.0,1,False,False,122.179,28.2,40.4,36.0,983.4,1.6,122,False,Hungary,2025,14,Hungarian Grand Prix,conventional,False
HAM,44,Ferrari,8.0,3.0,SOFT,5.0,1,True,False,76.201,28.2,40.4,36.0,983.4,1.6,122,False,Hungary,2025,14,Hungarian Grand Prix,conventional,False
ALO,14,Aston Martin,9.0,3.0,SOFT,3.0,1,False,False,107.155,28.2,40.4,36.0,983.4,1.6,122,False,Hungary,2025,14,Hungarian Grand Prix,conventional,False
PIA,81,McLaren,8.0,3.0,SOFT,2.0,1,True,False,74.941,28.2,40.4,36.0,983.4,1.6,122,False,Hungary,2025,14,Hungarian Grand Prix,conventional,False
BEA,87,Haas F1 Team,9.0,3.0,SOFT,3.0,1,False,False,102.126,28.2,40.4,36.0,983.4,1.6,122,False,Hungary,2025,14,Hungarian Grand Prix,conventional,False
LEC,16,Ferrari,8.0,3.0,SOFT,5.0,1,True,False,76.185,28.2,40.4,36.0,983.4,1.6,122,False,Hungary,2025,14,Hungarian Grand Prix,conventional,False
BOR,5,Kick Sauber,9.0,3.0,SOFT,6.0,1,False,False,103.617,28.2,40.4,36.0,983.4,1.6,122,False,Hungary,2025,14,Hungarian Grand Prix,conventional,False
LAW,30,Racing Bulls,9.0,3.0,SOFT,3.0,1,False,False,101.888,28.2,40.4,36.0,983.4,1.6,122,False,Hungary,2025,14,Hungarian Grand Prix,conventional,False
COL,43,Alpine,9.0,3.0,SOFT,6.0,1,False,False,89.441,28.3,40.4,36.0,983.4,1.4,226,False,Hungary,2025,14,Hungarian Grand Prix,conventional,False
VER,1,Red Bull Racing,9.0,3.0,SOFT,6.0,1,False,False,88.024,28.3,40.4,36.0,983.4,1.4,226,False,Hungary,2025,14,Hungarian Grand Prix,conventional,False
HAD,6,Racing Bulls,9.0,3.0,SOFT,3.0,1,False,False,118.176,28.3,40.4,36.0,983.4,1.4,226,False,Hungary,2025,14,Hungarian Grand Prix,conventional,False
NOR,4,McLaren,9.0,3.0,SOFT,3.0,1,False,False,100.171,28.3,40.4,36.0,983.4,1.4,226,False,Hungary,2025,14,Hungarian Grand Prix,conventional,False
HAM,44,Ferrari,9.0,3.0,SOFT,6.0,1,False,False,96.096,28.3,40.4,36.0,983.4,1.4,226,False,Hungary,2025,14,Hungarian Grand Prix,conventional,False
SAI,55,Williams,12.0,4.0,SOFT,6.0,1,False,False,113.935,28.4,40.3,36.0,983.5,0.8,174,False,Hungary,2025,14,Hungarian Grand Prix,conventional,False
PIA,81,McLaren,9.0,3.0,SOFT,3.0,1,False,False,99.979,28.4,40.3,36.0,983.5,0.8,174,False,Hungary,2025,14,Hungarian Grand Prix,conventional,False
LEC,16,Ferrari,9.0,3.0,SOFT,6.0,1,False,False,92.034,28.4,40.3,36.0,983.5,0.8,174,False,Hungary,2025,14,Hungarian Grand Prix,conventional,False
STR,18,Aston Martin,10.0,4.0,SOFT,1.0,1,False,False,,28.3,40.0,36.0,983.5,0.7,202,False,Hungary,2025,14,Hungarian Grand Prix,conventional,False
STR,18,Aston Martin,11.0,4.0,SOFT,2.0,1,True,False,75.129,28.2,39.9,36.0,983.4,1.7,227,False,Hungary,2025,14,Hungarian Grand Prix,conventional,False
BEA,87,Haas F1 Team,10.0,4.0,SOFT,1.0,1,False,False,,28.1,39.7,36.0,983.4,1.8,180,False,Hungary,2025,14,Hungarian Grand Prix,conventional,False
NOR,4,McLaren,10.0,4.0,SOFT,4.0,1,False,False,,28.1,39.7,36.0,983.4,1.8,180,False,Hungary,2025,14,Hungarian Grand Prix,conventional,False
STR,18,Aston Martin,12.0,4.0,SOFT,3.0,1,False,False,106.903,28.1,39.7,36.0,983.4,1.8,180,False,Hungary,2025,14,Hungarian Grand Prix,conventional,False
LEC,16,Ferrari,10.0,4.0,SOFT,1.0,1,False,False,,28.1,39.7,36.0,983.4,1.8,180,False,Hungary,2025,14,Hungarian Grand Prix,conventional,False
HAM,44,Ferrari,10.0,4.0,SOFT,1.0,1,False,False,,28.1,39.7,36.0,983.4,1.8,180,False,Hungary,2025,14,Hungarian Grand Prix,conventional,False
LAW,30,Racing Bulls,10.0,4.0,SOFT,1.0,1,False,False,,28.1,39.7,36.0,983.4,1.8,180,False,Hungary,2025,14,Hungarian Grand Prix,conventional,False
HAD,6,Racing Bulls,10.0,4.0,SOFT,1.0,1,False,False,,28.0,39.7,36.0,983.5,1.7,215,False,Hungary,2025,14,Hungarian Grand Prix,conventional,False
ANT,12,Mercedes,7.0,3.0,SOFT,1.0,1,False,False,,28.0,39.7,36.0,983.5,1.7,215,False,Hungary,2025,14,Hungarian Grand Prix,conventional,False
BEA,87,Haas F1 Team,11.0,4.0,SOFT,2.0,1,True,False,75.694,28.0,39.7,36.0,983.5,1.7,215,False,Hungary,2025,14,Hungarian Grand Prix,conventional,False
RUS,63,Mercedes,7.0,3.0,SOFT,1.0,1,False,False,,28.0,39.7,36.0,983.5,1.7,215,False,Hungary,2025,14,Hungarian Grand Prix,conventional,False
NOR,4,McLaren,11.0,4.0,SOFT,5.0,1,True,False,75.081,28.0,39.7,36.0,983.5,1.7,215,False,Hungary,2025,14,Hungarian Grand Prix,conventional,False
VER,1,Red Bull Racing,10.0,4.0,SOFT,1.0,1,False,False,,28.0,39.7,36.0,983.5,1.7,215,False,Hungary,2025,14,Hungarian Grand Prix,conventional,False
LEC,16,Ferrari,11.0,4.0,SOFT,2.0,1,True,False,75.455,28.0,39.7,36.0,983.5,1.7,215,False,Hungary,2025,14,Hungarian Grand Prix,conventional,False
BOR,5,Kick Sauber,10.0,4.0,SOFT,1.0,1,False,False,,28.0,39.7,36.0,983.5,1.7,215,False,Hungary,2025,14,Hungarian Grand Prix,conventional,False
HAM,44,Ferrari,11.0,4.0,SOFT,2.0,1,True,False,75.702,28.0,39.7,36.0,983.5,1.7,215,False,Hungary,2025,14,Hungarian Grand Prix,conventional,False
PIA,81,McLaren,10.0,4.0,SOFT,4.0,1,False,False,,28.0,39.7,36.0,983.5,1.7,215,False,Hungary,2025,14,Hungarian Grand Prix,conventional,False
LAW,30,Racing Bulls,11.0,4.0,SOFT,2.0,1,True,False,75.63,28.0,39.6,36.0,983.6,1.0,202,False,Hungary,2025,14,Hungarian Grand Prix,conventional,False
COL,43,Alpine,10.0,4.0,SOFT,7.0,1,False,False,,28.0,39.6,36.0,983.6,1.0,202,False,Hungary,2025,14,Hungarian Grand Prix,conventional,False
HAD,6,Racing Bulls,11.0,4.0,SOFT,2.0,1,True,False,75.469,28.0,39.6,36.0,983.6,1.0,202,False,Hungary,2025,14,Hungarian Grand Prix,conventional,False
SAI,55,Williams,13.0,5.0,SOFT,1.0,1,False,False,,28.0,39.6,36.0,983.6,1.0,202,False,Hungary,2025,14,Hungarian Grand Prix,conventional,False
ANT,12,Mercedes,8.0,3.0,SOFT,2.0,1,True,True,75.693,28.0,39.6,36.0,983.6,1.0,202,False,Hungary,2025,14,Hungarian Grand Prix,conventional,False
RUS,63,Mercedes,8.0,3.0,SOFT,2.0,1,True,False,75.201,28.0,39.6,36.0,983.6,1.0,202,False,Hungary,2025,14,Hungarian Grand Prix,conventional,False
VER,1,Red Bull Racing,11.0,4.0,SOFT,2.0,1,True,False,75.547,28.0,39.6,36.0,983.6,1.0,202,False,Hungary,2025,14,Hungarian Grand Prix,conventional,False
BOR,5,Kick Sauber,11.0,4.0,SOFT,2.0,1,True,False,75.687,28.0,39.5,37.0,983.5,2.3,181,False,Hungary,2025,14,Hungarian Grand Prix,conventional,False
PIA,81,McLaren,11.0,4.0,SOFT,5.0,1,True,False,75.176,28.0,39.5,37.0,983.5,2.3,181,False,Hungary,2025,14,Hungarian Grand Prix,conventional,False
NOR,4,McLaren,12.0,4.0,SOFT,6.0,1,False,False,107.131,28.0,39.5,37.0,983.5,2.3,181,False,Hungary,2025,14,Hungarian Grand Prix,conventional,False
COL,43,Alpine,11.0,4.0,SOFT,8.0,1,True,False,76.159,28.0,39.5,37.0,983.5,2.3,181,False,Hungary,2025,14,Hungarian Grand Prix,conventional,False
LEC,16,Ferrari,12.0,4.0,SOFT,3.0,1,False,False,106.036,28.0,39.5,37.0,983.5,2.3,181,False,Hungary,2025,14,Hungarian Grand Prix,conventional,False
SAI,55,Williams,14.0,5.0,SOFT,2.0,1,True,False,75.781,28.0,39.5,37.0,983.5,2.3,181,False,Hungary,2025,14,Hungarian Grand Prix,conventional,False
BEA,87,Haas F1 Team,12.0,4.0,SOFT,3.0,1,False,False,145.966,28.0,39.5,37.0,983.5,2.3,181,False,Hungary,2025,14,Hungarian Grand Prix,conventional,False
HAM,44,Ferrari,12.0,4.0,SOFT,3.0,1,False,False,114.362,28.0,39.5,37.0,983.5,2.3,181,False,Hungary,2025,14,Hungarian Grand Prix,conventional,False
LAW,30,Racing Bulls,12.0,4.0,SOFT,3.0,1,False,False,108.924,28.0,39.5,37.0,983.5,2.3,181,False,Hungary,2025,14,Hungarian Grand Prix,conventional,False
HAD,6,Racing Bulls,12.0,4.0,SOFT,3.0,1,False,False,104.074,28.1,39.5,36.0,983.4,1.8,189,False,Hungary,2025,14,Hungarian Grand Prix,conventional,False
RUS,63,Mercedes,9.0,3.0,SOFT,3.0,1,False,False,102.905,28.1,39.5,36.0,983.4,1.8,189,False,Hungary,2025,14,Hungarian Grand Prix,conventional,False
VER,1,Red Bull Racing,12.0,4.0,SOFT,3.0,1,False,False,98.932,28.1,39.5,36.0,983.4,1.8,189,False,Hungary,2025,14,Hungarian Grand Prix,conventional,False
ANT,12,Mercedes,9.0,3.0,SOFT,3.0,1,False,False,129.004,28.1,39.5,36.0,983.4,1.8,189,False,Hungary,2025,14,Hungarian Grand Prix,conventional,False
BOR,5,Kick Sauber,12.0,4.0,SOFT,3.0,1,False,False,107.415,28.1,39.5,36.0,983.4,1.8,189,False,Hungary,2025,14,Hungarian Grand Prix,conventional,False
PIA,81,McLaren,12.0,4.0,SOFT,6.0,1,False,False,98.184,28.1,39.5,36.0,983.4,1.8,189,False,Hungary,2025,14,Hungarian Grand Prix,conventional,False
COL,43,Alpine,12.0,4.0,SOFT,9.0,12,False,False,102.828,28.1,39.5,36.0,983.4,1.5,188,False,Hungary,2025,14,Hungarian Grand Prix,conventional,False
SAI,55,Williams,15.0,5.0,SOFT,3.0,12,False,False,105.659,28.1,39.5,36.0,983.4,1.5,188,False,Hungary,2025,14,Hungarian Grand Prix,conventional,False
STR,18,Aston Martin,13.0,5.0,SOFT,4.0,12,False,False,,28.0,39.5,36.0,983.4,1.9,282,False,Hungary,2025,14,Hungarian Grand Prix,conventional,False
ALO,14,Aston Martin,10.0,4.0,SOFT,1.0,12,False,False,,27.9,39.4,37.0,983.5,2.8,258,False,Hungary,2025,14,Hungarian Grand Prix,conventional,False
LAW,30,Racing Bulls,13.0,5.0,SOFT,4.0,12,False,False,,27.9,39.4,37.0,983.5,2.8,258,False,Hungary,2025,14,Hungarian Grand Prix,conventional,False
LEC,16,Ferrari,13.0,5.0,SOFT,4.0,12,False,False,,27.9,39.4,37.0,983.5,2.8,258,False,Hungary,2025,14,Hungarian Grand Prix,conventional,False
NOR,4,McLaren,13.0,5.0,SOFT,1.0,12,False,False,,27.9,39.4,37.0,983.5,2.8,258,False,Hungary,2025,14,Hungarian Grand Prix,conventional,False
PIA,81,McLaren,13.0,5.0,SOFT,1.0,12,False,False,,27.9,39.4,37.0,983.5,2.8,258,False,Hungary,2025,14,Hungarian Grand Prix,conventional,False
BOR,5,Kick Sauber,13.0,5.0,SOFT,4.0,12,False,False,,27.9,39.4,37.0,983.5,2.8,258,False,Hungary,2025,14,Hungarian Grand Prix,conventional,False
STR,18,Aston Martin,14.0,5.0,SOFT,5.0,1,True,True,76.66,27.6,38.6,41.0,983.5,3.6,261,False,Hungary,2025,14,Hungarian Grand Prix,conventional,False
RUS,63,Mercedes,10.0,4.0,SOFT,1.0,12,False,False,,27.6,38.6,41.0,983.5,3.6,261,False,Hungary,2025,14,Hungarian Grand Prix,conventional,False
ALO,14,Aston Martin,11.0,4.0,SOFT,2.0,1,True,False,76.025,27.6,38.6,41.0,983.5,3.6,261,False,Hungary,2025,14,Hungarian Grand Prix,conventional,False
LAW,30,Racing Bulls,14.0,5.0,SOFT,5.0,1,True,False,76.649,27.6,38.6,41.0,983.5,3.6,261,False,Hungary,2025,14,Hungarian Grand Prix,conventional,False
VER,1,Red Bull Racing,13.0,5.0,SOFT,4.0,12,False,False,,27.6,38.6,41.0,983.5,3.6,261,False,Hungary,2025,14,Hungarian Grand Prix,conventional,False
LEC,16,Ferrari,14.0,5.0,SOFT,5.0,1,True,False,76.63,27.6,38.6,41.0,983.5,3.6,261,False,Hungary,2025,14,Hungarian Grand Prix,conventional,False
NOR,4,McLaren,14.0,5.0,SOFT,2.0,1,True,False,75.494,27.6,38.6,41.0,983.5,3.6,261,False,Hungary,2025,14,Hungarian Grand Prix,conventional,False
PIA,81,McLaren,14.0,5.0,SOFT,2.0,1,True,False,75.398,27.2,37.1,43.0,983.4,2.9,266,False,Hungary,2025,14,Hungarian Grand Prix,conventional,False
BOR,5,Kick Sauber,14.0,5.0,SOFT,5.0,1,True,False,77.134,27.2,37.1,43.0,983.4,2.9,266,False,Hungary,2025,14,Hungarian Grand Prix,conventional,False
RUS,63,Mercedes,11.0,4.0,SOFT,2.0,1,True,False,75.632,27.2,37.1,43.0,983.4,2.9,266,False,Hungary,2025,14,Hungarian Grand Prix,conventional,False
STR,18,Aston Martin,15.0,5.0,SOFT,6.0,1,False,False,97.674,27.2,37.1,43.0,983.4,2.9,266,False,Hungary,2025,14,Hungarian Grand Prix,conventional,False
VER,1,Red Bull Racing,14.0,5.0,SOFT,5.0,1,True,False,76.183,27.2,37.1,43.0,983.4,2.9,266,False,Hungary,2025,14,Hungarian Grand Prix,conventional,False
ALO,14,Aston Martin,12.0,4.0,SOFT,3.0,1,False,False,100.031,27.2,37.1,43.0,983.4,2.9,266,False,Hungary,2025,14,Hungarian Grand Prix,conventional,False
LAW,30,Racing Bulls,15.0,5.0,SOFT,6.0,1,False,False,96.975,26.8,37.0,44.0,983.5,2.5,261,False,Hungary,2025,14,Hungarian Grand Prix,conventional,False
LEC,16,Ferrari,15.0,5.0,SOFT,6.0,1,False,False,91.493,26.8,37.0,44.0,983.5,2.5,261,False,Hungary,2025,14,Hungarian Grand Prix,conventional,False
NOR,4,McLaren,15.0,5.0,SOFT,3.0,1,False,False,94.867,26.8,37.0,44.0,983.5,2.5,261,False,Hungary,2025,14,Hungarian Grand Prix,conventional,False
PIA,81,McLaren,15.0,5.0,SOFT,3.0,1,False,False,97.977,26.8,37.0,44.0,983.5,2.5,261,False,Hungary,2025,14,Hungarian Grand Prix,conventional,False
BOR,5,Kick Sauber,15.0,5.0,SOFT,6.0,1,False,False,105.998,26.8,37.0,44.0,983.5,2.5,261,False,Hungary,2025,14,Hungarian Grand Prix,conventional,False
RUS,63,Mercedes,12.0,4.0,SOFT,3.0,1,False,False,91.287,26.5,36.6,45.0,983.4,2.3,261,False,Hungary,2025,14,Hungarian Grand Prix,conventional,False
VER,1,Red Bull Racing,15.0,5.0,SOFT,6.0,1,False,False,89.211,26.5,36.6,45.0,983.4,2.3,261,False,Hungary,2025,14,Hungarian Grand Prix,conventional,False
STR,18,Aston Martin,16.0,6.0,SOFT,1.0,1,False,False,,26.2,36.6,46.0,983.5,3.1,269,False,Hungary,2025,14,Hungarian Grand Prix,conventional,False
ALO,14,Aston Martin,13.0,5.0,SOFT,1.0,1,False,False,,26.0,36.4,46.0,983.4,3.0,266,False,Hungary,2025,14,Hungarian Grand Prix,conventional,False
STR,18,Aston Martin,17.0,6.0,SOFT,2.0,1,True,False,75.498,25.8,36.1,47.0,983.5,3.1,266,False,Hungary,2025,14,Hungarian Grand Prix,conventional,False
ALO,14,Aston Martin,14.0,5.0,SOFT,2.0,1,True,False,75.481,25.8,36.1,47.0,983.5,3.1,266,False,Hungary,2025,14,Hungarian Grand Prix,conventional,False
LEC,16,Ferrari,16.0,6.0,SOFT,1.0,1,False,False,,25.7,35.8,48.0,983.4,2.9,285,False,Hungary,2025,14,Hungarian Grand Prix,conventional,False
HAD,6,Racing Bulls,13.0,5.0,SOFT,1.0,12,False,False,,25.7,35.8,48.0,983.4,2.9,285,False,Hungary,2025,14,Hungarian Grand Prix,conventional,False
STR,18,Aston Martin,18.0,6.0,SOFT,3.0,1,False,False,102.448,25.7,35.8,48.0,983.4,2.9,285,False,Hungary,2025,14,Hungarian Grand Prix,conventional,False
NOR,4,McLaren,16.0,6.0,SOFT,1.0,1,False,False,,25.7,35.8,48.0,983.4,2.9,285,False,Hungary,2025,14,Hungarian Grand Prix,conventional,False
PIA,81,McLaren,16.0,6.0,SOFT,1.0,1,False,False,,25.7,36.1,48.0,983.4,2.3,260,False,Hungary,2025,14,Hungarian Grand Prix,conventional,False
LAW,30,Racing Bulls,16.0,6.0,SOFT,1.0,1,False,False,,25.7,36.1,48.0,983.4,2.3,260,False,Hungary,2025,14,Hungarian Grand Prix,conventional,False
ALO,14,Aston Martin,15.0,5.0,SOFT,3.0,1,False,False,107.278,25.7,36.1,48.0,983.4,2.3,260,False,Hungary,2025,14,Hungarian Grand Prix,conventional,False
BOR,5,Kick Sauber,16.0,6.0,SOFT,1.0,1,False,False,,25.7,36.1,48.0,983.4,2.3,260,False,Hungary,2025,14,Hungarian Grand Prix,conventional,False
LEC,16,Ferrari,17.0,6.0,SOFT,2.0,1,True,False,75.372,25.7,36.1,48.0,983.4,2.3,260,False,Hungary,2025,14,Hungarian Grand Prix,conventional,False
RUS,63,Mercedes,13.0,5.0,SOFT,1.0,1,False,False,,25.7,36.1,48.0,983.4,2.3,260,False,Hungary,2025,14,Hungarian Grand Prix,conventional,False
VER,1,Red Bull Racing,16.0,6.0,SOFT,1.0,1,False,False,,25.7,36.1,48.0,983.4,2.3,260,False,Hungary,2025,14,Hungarian Grand Prix,conventional,False
HAD,6,Racing Bulls,14.0,5.0,SOFT,2.0,1,True,False,75.915,25.7,36.1,48.0,983.4,2.3,260,False,Hungary,2025,14,Hungarian Grand Prix,conventional,False
NOR,4,McLaren,17.0,6.0,SOFT,2.0,1,True,False,75.413,25.6,36.1,48.0,983.4,2.9,267,False,Hungary,2025,14,Hungarian Grand Prix,conventional,False
PIA,81,McLaren,17.0,6.0,SOFT,2.0,1,True,False,75.58,25.6,36.1,48.0,983.4,2.9,267,False,Hungary,2025,14,Hungarian Grand Prix,conventional,False
LAW,30,Racing Bulls,17.0,6.0,SOFT,2.0,1,True,False,75.821,25.6,36.1,48.0,983.4,2.9,267,False,Hungary,2025,14,Hungarian Grand Prix,conventional,False
BOR,5,Kick Sauber,17.0,6.0,SOFT,2.0,1,True,False,75.725,25.6,36.1,48.0,983.4,2.9,267,False,Hungary,2025,14,Hungarian Grand Prix,conventional,False
RUS,63,Mercedes,14.0,5.0,SOFT,2.0,1,True,False,75.425,25.6,36.1,48.0,983.4,2.9,267,False,Hungary,2025,14,Hungarian Grand Prix,conventional,False
VER,1,Red Bull Racing,17.0,6.0,SOFT,2.0,1,True,False,75.728,25.6,36.3,47.0,983.5,3.0,275,False,Hungary,2025,14,Hungarian Grand Prix,conventional,False
LEC,16,Ferrari,18.0,6.0,SOFT,3.0,1,False,False,111.472,25.6,36.3,47.0,983.5,3.0,275,False,Hungary,2025,14,Hungarian Grand Prix,conventional,False
HAD,6,Racing Bulls,15.0,5.0,SOFT,3.0,1,False,False,,25.6,36.3,47.0,983.5,3.0,275,False,Hungary,2025,14,Hungarian Grand Prix,conventional,False
NOR,4,McLaren,18.0,6.0,SOFT,3.0,1,False,False,102.49,25.6,36.3,47.0,983.5,3.0,275,False,Hungary,2025,14,Hungarian Grand Prix,conventional,False
PIA,81,McLaren,18.0,6.0,SOFT,3.0,1,False,False,106.83,25.6,36.5,48.0,983.4,3.0,265,False,Hungary,2025,14,Hungarian Grand Prix,conventional,False
LAW,30,Racing Bulls,18.0,6.0,SOFT,3.0,1,False,False,,25.6,36.5,48.0,983.4,3.0,265,False,Hungary,2025,14,Hungarian Grand Prix,conventional,False
BOR,5,Kick Sauber,18.0,6.0,SOFT,3.0,1,False,False,,25.6,36.5,48.0,983.4,3.0,265,False,Hungary,2025,14,Hungarian Grand Prix,conventional,False
RUS,63,Mercedes,15.0,5.0,SOFT,3.0,1,False,False,,25.6,36.5,48.0,983.4,3.0,265,False,Hungary,2025,14,Hungarian Grand Prix,conventional,False
VER,1,Red Bull Racing,18.0,6.0,SOFT,3.0,1,False,False,,25.6,36.5,48.0,983.4,3.0,265,False,Hungary,2025,14,Hungarian Grand Prix,conventional,False
